"","Player.ID","Last.Name","First.Name","Bats","Pitches","Team","V7"
"1","adelj001","Adell","Jo","R","R","ANA","OF"
"2","aguir002","Aguilar","Ryan","L","L","ANA","OF"
"3","barrk002","Barraclough","Kyle","R","R","ANA","P"
"4","barrj003","Barria","Jaime","R","R","ANA","P"
"5","brada001","Bradley","Archie","R","R","ANA","P"
"6","chavj001","Chavez","Jesse","R","R","ANA","P"
"7","davit005","Davidson","Tucker","L","L","ANA","P"
"8","detmr001","Detmers","Reid","L","L","ANA","P"
"9","diazj007","Diaz","Jhonathan","L","L","ANA","P"
"10","duffm002","Duffy","Matt","R","R","ANA","IF"
"11","duggs001","Duggar","Steven","L","R","ANA","OF"
"12","fletd002","Fletcher","David","R","R","ANA","SS"
"13","fordm002","Ford","Mike","L","R","ANA","1B"
"14","gossp001","Gosselin","Phil","R","R","ANA","2B"
"15","harrm003","Harrison","Monte","R","R","ANA","OF"
"16","hergj001","Herget","Jimmy","R","R","ANA","P"
"17","igler001","Iglesias","Raisel","R","R","ANA","P"
"18","junkj001","Junk","Janson","R","R","ANA","P"
"19","lagaj001","Lagares","Juan","R","R","ANA","OF"
"20","lorem002","Lorenzen","Michael","R","R","ANA","P"
"21","loupa001","Loup","Aaron","L","L","ANA","P"
"22","mackd001","MacKinnon","David","R","R","ANA","1B"
"23","marsb002","Marsh","Brandon","L","R","ANA","OF"
"24","martj010","Marte","Jose","R","R","ANA","P"
"25","mayem001","Mayers","Mike","R","R","ANA","P"
"26","mayfj001","Mayfield","Jack","R","R","ANA","2B"
"27","monim001","Moniak","Mickey","L","R","ANA","OF"
"28","morab001","Moran","Brian","L","L","ANA","P"
"29","ohopl001","O`Hoppe","Logan","R","R","ANA","C"
"30","ohtas001","Ohtani","Shohei","L","R","ANA","P"
"31","orteo001","Ortega","Oliver","R","R","ANA","P"
"32","pegue001","Peguero","Elvis","R","R","ANA","P"
"33","quijj001","Quijada","Jose","L","L","ANA","P"
"34","renda001","Rendon","Anthony","R","R","ANA","2B"
"35","rengl001","Rengifo","Luis","B","R","ANA","2B"
"36","reyeg002","Reyes","Gerardo","R","R","ANA","P"
"37","rojaj002","Rojas","Jose","L","R","ANA","SS"
"38","romia002","Romine","Austin","R","R","ANA","C"
"39","rosek001","Rosenberg","Kenny","L","L","ANA","P"
"40","sandp002","Sandoval","Patrick","L","L","ANA","P"
"41","sierm002","Sierra","Magneuris","L","L","ANA","OF"
"42","silsc001","Silseth","Chase","R","R","ANA","P"
"43","sotol001","Soto","Livan","L","R","ANA","SS"
"44","stasm001","Stassi","Max","R","R","ANA","C"
"45","stefm001","Stefanic","Michael","R","R","ANA","2B"
"46","suarj001","Suarez","Jose","L","L","ANA","P"
"47","suzuk001","Suzuki","Kurt","R","R","ANA","C"
"48","syndn001","Syndergaard","Noah","L","R","ANA","P"
"49","teper001","Tepera","Ryan","R","R","ANA","P"
"50","thaim001","Thaiss","Matt","L","R","ANA","1B"
"51","thomd004","Thomas","Dillon","L","L","ANA","OF"
"52","toust001","Toussaint","Touki","R","R","ANA","P"
"53","troum001","Trout","Mike","R","R","ANA","OF"
"54","valdc003","Valdez","Cesar","R","R","ANA","P"
"55","velaa001","Velazquez","Andrew","B","R","ANA","SS"
"56","villj001","Villar","Jonathan","B","R","ANA","SS"
"57","wadet002","Wade","Tyler","L","R","ANA","SS"
"58","wallc001","Wallach","Chad","R","R","ANA","C"
"59","walsj001","Walsh","Jared","L","L","ANA","OF"
"60","waltn001","Walters","Nash","R","R","ANA","P"
"61","wanta001","Wantz","Andrew","R","R","ANA","P"
"62","wardt002","Ward","Taylor","R","R","ANA","3B"
"63","warra003","Warren","Austin","R","R","ANA","P"
"64","weisz001","Weiss","Zack","R","R","ANA","P"
"65","whita002","Whitefield","Aaron","R","R","ANA","OF"
"66","zastr001","Zastryzny","Rob","R","L","ANA","P"
"67","ahmen001","Ahmed","Nick","R","R","ARI","SS"
"68","alcas002","Alcantara","Sergio","B","R","ARI","SS"
"69","beers001","Beer","Seth","L","R","ARI","1B"
"70","bumgm001","Bumgarner","Madison","R","L","ARI","P"
"71","carrc005","Carroll","Corbin","L","L","ARI","OF"
"72","casth002","Castellanos","Humberto","R","R","ARI","P"
"73","davim005","Davidson","Matt","R","R","ARI","3B"
"74","daviz001","Davies","Zach","R","R","ARI","P"
"75","devec001","Devenski","Chris","R","R","ARI","P"
"76","difow001","Difo","Wilmer","B","R","ARI","2B"
"77","ellid002","Ellis","Drew","R","R","ARI","3B"
"78","frial001","Frias","Luis","R","R","ARI","P"
"79","fry-p001","Fry","Paul","L","L","ARI","P"
"80","gallz001","Gallen","Zac","R","R","ARI","P"
"81","garrs003","Garrett","Stone","R","R","ARI","OF"
"82","gilbt001","Gilbert","Tyler","L","L","ARI","P"
"83","ginkk001","Ginkel","Kevin","L","R","ARI","P"
"84","greig001","Greiner","Grayson","R","R","ARI","C"
"85","hagej001","Hager","Jake","R","R","ARI","2B"
"86","henrt001","Henry","Tommy","L","L","ARI","P"
"87","herny003","Hernandez","Yonny","B","R","ARI","3B"
"88","herrj003","Herrera","Jose","B","R","ARI","C"
"89","holtt002","Holton","Tyler","L","L","ARI","P"
"90","hummc001","Hummel","Cooper","B","R","ARI","OF"
"91","jamed003","Jameson","Drey","R","R","ARI","P"
"92","kellc002","Kelly","Carson","R","R","ARI","C"
"93","kellm002","Kelly","Merrill","R","R","ARI","P"
"94","kennb002","Kennedy","Buddy","R","R","ARI","3B"
"95","kenni001","Kennedy","Ian","R","R","ARI","P"
"96","keucd001","Keuchel","Dallas","L","L","ARI","P"
"97","luplj001","Luplow","Jordan","R","R","ARI","OF"
"98","mantj002","Mantiply","Joe","R","L","ARI","P"
"99","martk001","Marte","Ketel","B","R","ARI","SS"
"100","martc009","Martin","Corbin","R","R","ARI","P"
"101","mccaj003","McCarthy","Jake","L","L","ARI","OF"
"102","melam001","Melancon","Mark","R","R","ARI","P"
"103","middk001","Middleton","Keynan","R","R","ARI","P"
"104","moror001","Moronta","Reyes","R","R","ARI","P"
"105","nelsk001","Nelson","Kyle","L","L","ARI","P"
"106","nelsr003","Nelson","Ryne","R","R","ARI","P"
"107","peacm001","Peacock","Matt","R","R","ARI","P"
"108","perad001","Peralta","David","L","L","ARI","OF"
"109","perdg001","Perdomo","Geraldo","B","R","ARI","SS"
"110","pereo002","Perez","Oliver","L","L","ARI","P"
"111","popps001","Poppen","Sean","R","R","ARI","P"
"112","ramin002","Ramirez","Noe","R","R","ARI","P"
"113","rivee001","Rivera","Emmanuel","R","R","ARI","3B"
"114","rojaj001","Rojas","Josh","L","R","ARI","3B"
"115","smitc006","Smith","Caleb","R","L","ARI","P"
"116","smitp002","Smith","Pavin","L","L","ARI","OF"
"117","thoma004","Thomas","Alek","L","L","ARI","OF"
"118","ucete001","Uceta","Edwin","R","R","ARI","P"
"119","varsd001","Varsho","Daulton","L","R","ARI","C"
"120","walkc002","Walker","Christian","R","R","ARI","1B"
"121","weavl001","Weaver","Luke","R","R","ARI","P"
"122","wendj001","Wendelken","J. B.","R","R","ARI","P"
"123","widet001","Widener","Taylor","L","R","ARI","P"
"124","acunr001","Acuna","Ronald","R","R","ATL","OF"
"125","adrie001","Adrianza","Ehire","B","R","ATL","2B"
"126","albio001","Albies","Ozzie","B","R","ATL","2B"
"127","andei001","Anderson","Ian","R","R","ATL","P"
"128","arcio002","Arcia","Orlando","R","R","ATL","SS"
"129","bannr001","Bannon","Rylan","R","R","ATL","3B"
"130","bracs001","Bracho","Silvino","R","R","ATL","P"
"131","canor001","Cano","Robinson","L","R","ATL","2B"
"132","chavj001","Chavez","Jesse","R","R","ATL","P"
"133","contw002","Contreras","William","R","R","ATL","C"
"134","cruzj006","Cruz","Jesus","R","R","ATL","P"
"135","darnt001","d`Arnaud","Travis","R","R","ATL","C"
"136","davit005","Davidson","Tucker","L","L","ATL","P"
"137","demet001","Demeritte","Travis","R","R","ATL","OF"
"138","dicka001","Dickerson","Alex","L","L","ATL","OF"
"139","duvaa001","Duvall","Adam","R","R","ATL","OF"
"140","eldeb001","Elder","Bryce","R","R","ATL","P"
"141","fordm002","Ford","Mike","L","R","ATL","1B"
"142","friem001","Fried","Max","L","L","ATL","P"
"143","gossp001","Gosselin","Phil","R","R","ATL","2B"
"144","grisv001","Grissom","Vaughn","R","R","ATL","3B"
"145","grosr001","Grossman","Robbie","B","L","ATL","OF"
"146","harrm004","Harris","Michael","L","L","ATL","OF"
"147","hereg002","Heredia","Guillermo","R","L","ATL","OF"
"148","igler001","Iglesias","Raisel","R","R","ATL","P"
"149","jackj001","Jackson","Jay","R","R","ATL","P"
"150","jansk001","Jansen","Kenley","B","R","ATL","P"
"151","lee-d005","Lee","Dylan","L","L","ATL","P"
"152","matzt001","Matzek","Tyler","L","L","ATL","P"
"153","mchuc001","McHugh","Collin","R","R","ATL","P"
"154","minta001","Minter","A. J.","L","L","ATL","P"
"155","mortc002","Morton","Charlie","R","R","ATL","P"
"156","mullk001","Muller","Kyle","R","L","ATL","P"
"157","newcs001","Newcomb","Sean","L","L","ATL","P"
"158","odayd001","O`Day","Darren","R","R","ATL","P"
"159","odorj001","Odorizzi","Jake","R","R","ATL","P"
"160","olsom001","Olson","Matt","L","R","ATL","OF"
"161","ozunm001","Ozuna","Marcell","R","R","ATL","OF"
"162","pinam001","Pina","Manny","R","R","ATL","C"
"163","rilea001","Riley","Austin","R","R","ATL","3B"
"164","rosae001","Rosario","Eddie","L","R","ATL","OF"
"165","smitw002","Smith","Will","R","L","ATL","P"
"166","stepj002","Stephens","Jackson","R","R","ATL","P"
"167","stris002","Strider","Spencer","R","R","ATL","P"
"168","swand001","Swanson","Dansby","R","R","ATL","SS"
"169","tarnf001","Tarnok","Freddy","R","R","ATL","P"
"170","thort001","Thornburg","Tyler","R","R","ATL","P"
"171","tromc001","Tromp","Chadwick","R","R","ATL","C"
"172","woodw001","Woods","William","R","R","ATL","P"
"173","wrigk001","Wright","Kyle","R","R","ATL","P"
"174","yatek001","Yates","Kirby","L","R","ATL","P"
"175","ynoah001","Ynoa","Huascar","R","R","ATL","P"
"176","yound005","Young","Danny","L","L","ATL","P"
"177","aguij001","Aguilar","Jesus","R","R","BAL","1B"
"178","akink001","Akin","Keegan","L","L","BAL","P"
"179","allel002","Allen","Logan","R","L","BAL","P"
"180","arauj001","Arauz","Jonathan","B","R","BAL","SS"
"181","bakeb001","Baker","Bryan","R","R","BAL","P"
"182","bannr001","Bannon","Rylan","R","R","BAL","3B"
"183","baumm001","Baumann","Mike","R","R","BAL","P"
"184","bautf001","Bautista","Felix","R","R","BAL","P"
"185","bemba001","Bemboom","Anthony","L","R","BAL","C"
"186","bradk001","Bradish","Kyle","R","R","BAL","P"
"187","canoy001","Cano","Yennier","R","R","BAL","P"
"188","chirr001","Chirinos","Robinson","R","R","BAL","C"
"189","diazy003","Diaz","Yusniel","R","R","BAL","OF"
"190","diplm001","Diplan","Marcos","R","R","BAL","P"
"191","ellic001","Ellis","Chris","L","R","BAL","P"
"192","fry-p001","Fry","Paul","L","L","BAL","P"
"193","garcr006","Garcia","Rico","R","R","BAL","P"
"194","gilll001","Gillaspie","Logan","R","R","BAL","P"
"195","gutik001","Gutierrez","Kelvin","R","R","BAL","3B"
"196","halld004","Hall","DL","L","L","BAL","P"
"197","haysa001","Hays","Austin","R","R","BAL","OF"
"198","headl001","Head","Louis","R","R","BAL","P"
"199","hendg002","Henderson","Gunnar","L","R","BAL","SS"
"200","krehj001","Krehbiel","Joey","R","R","BAL","P"
"201","kremd001","Kremer","Dean","R","R","BAL","P"
"202","lakit001","Lakins","Travis","R","R","BAL","P"
"203","lopej004","Lopez","Jorge","R","R","BAL","P"
"204","lowtz001","Lowther","Zac","L","L","BAL","P"
"205","lylej001","Lyles","Jordan","R","R","BAL","P"
"206","manct001","Mancini","Trey","R","R","BAL","OF"
"207","martr006","Martin","Richie","R","R","BAL","SS"
"208","matej003","Mateo","Jorge","R","R","BAL","SS"
"209","mcker001","McKenna","Ryan","R","R","BAL","OF"
"210","meanj001","Means","John","L","L","BAL","P"
"211","mounr001","Mountcastle","Ryan","R","R","BAL","1B"
"212","mullc002","Mullins","Cedric","L","L","BAL","OF"
"213","nevit001","Nevin","Tyler","R","R","BAL","1B"
"214","odorr001","Odor","Rougned","L","R","BAL","2B"
"215","owinc001","Owings","Chris","R","R","BAL","2B"
"216","perec004","Perez","Cionel","R","L","BAL","P"
"217","philb002","Phillips","Brett","L","R","BAL","OF"
"218","reedj005","Reed","Jake","R","R","BAL","P"
"219","reyed002","Reyes","Denyi","R","R","BAL","P"
"220","rutsa001","Rutschman","Adley","B","R","BAL","C"
"221","santa003","Santander","Anthony","B","R","BAL","OF"
"222","sedlc001","Sedlock","Cody","R","R","BAL","P"
"223","stewd002","Stewart","DJ","L","R","BAL","OF"
"224","stowk001","Stowers","Kyle","L","L","BAL","OF"
"225","sulsb001","Sulser","Beau","R","R","BAL","P"
"226","tated001","Tate","Dillon","R","R","BAL","P"
"227","uriar001","Urias","Ramon","R","R","BAL","2B"
"228","vavrt001","Vavra","Terrin","L","R","BAL","2B"
"229","vespn001","Vespi","Nick","L","L","BAL","P"
"230","votha001","Voth","Austin","R","R","BAL","P"
"231","watks003","Watkins","Spenser","R","R","BAL","P"
"232","wella001","Wells","Alex","L","L","BAL","P"
"233","wellt003","Wells","Tyler","R","R","BAL","P"
"234","zimmb002","Zimmermann","Bruce","L","L","BAL","P"
"235","almoa001","Almonte","Abraham","B","R","BOS","OF"
"236","arauj001","Arauz","Jonathan","B","R","BOS","SS"
"237","arroc001","Arroyo","Christian","R","R","BOS","3B"
"238","barnm001","Barnes","Matt","R","R","BOS","P"
"239","bazae001","Bazardo","Eduard","R","R","BOS","P"
"240","bellb002","Bello","Brayan","R","R","BOS","P"
"241","bogax001","Bogaerts","Xander","R","R","BOS","SS"
"242","bradj001","Bradley","Jackie","L","R","BOS","OF"
"243","brasr001","Brasier","Ryan","R","R","BOS","P"
"244","casat001","Casas","Triston","L","R","BOS","1B"
"245","chany001","Chang","Yu","R","R","BOS","SS"
"246","cordf003","Cordero","Franchy","L","R","BOS","OF"
"247","crawk001","Crawford","Kutter","R","R","BOS","P"
"248","dalbb001","Dalbec","Bobby","R","R","BOS","1B"
"249","danit001","Danish","Tyler","R","R","BOS","P"
"250","davia003","Davis","Austin","L","L","BOS","P"
"251","davij008","Davis","Jaylin","R","R","BOS","OF"
"252","dever001","Devers","Rafael","L","R","BOS","3B"
"253","diekj001","Diekman","Jake","R","L","BOS","P"
"254","downj001","Downs","Jeter","R","R","BOS","SS"
"255","duraj001","Duran","Jarren","L","R","BOS","OF"
"256","eovan001","Eovaldi","Nathan","R","R","BOS","P"
"257","famij001","Familia","Jeurys","R","R","BOS","P"
"258","felim001","Feliz","Michael","R","R","BOS","P"
"259","germf002","German","Franklin","R","R","BOS","P"
"260","hernd004","Hernandez","Darwinzon","L","L","BOS","P"
"261","herne001","Hernandez","Enrique","R","R","BOS","OF"
"262","hillr001","Hill","Rich","L","L","BOS","P"
"263","hosme001","Hosmer","Eric","L","L","BOS","1B"
"264","houct001","Houck","Tanner","R","R","BOS","P"
"265","kellz001","Kelly","Zack","R","R","BOS","P"
"266","martj006","Martinez","J. D.","R","R","BOS","OF"
"267","mcgur002","McGuire","Reese","L","R","BOS","C"
"268","ort-k001","Ort","Kaleb","R","R","BOS","P"
"269","phamt001","Pham","Tommy","R","R","BOS","OF"
"270","piven001","Pivetta","Nick","R","R","BOS","P"
"271","plawk001","Plawecki","Kevin","R","R","BOS","C"
"272","refsr001","Refsnyder","Rob","R","R","BOS","2B"
"273","roblh001","Robles","Hansel","R","R","BOS","P"
"274","salec001","Sale","Chris","L","L","BOS","P"
"275","sancc001","Sanchez","Yolmer","B","R","BOS","2B"
"276","sawah001","Sawamura","Hirokazu","R","R","BOS","P"
"277","schrj001","Schreiber","John","R","R","BOS","P"
"278","seabc001","Seabold","Connor","R","R","BOS","P"
"279","shawt001","Shaw","Travis","L","R","BOS","1B"
"280","stort001","Story","Trevor","R","R","BOS","SS"
"281","stram001","Strahm","Matt","R","L","BOS","P"
"282","valdp002","Valdez","Phillips","R","R","BOS","P"
"283","vazqc001","Vazquez","Christian","R","R","BOS","C"
"284","verda001","Verdugo","Alex","L","L","BOS","OF"
"285","wachm001","Wacha","Michael","R","R","BOS","P"
"286","whitg002","Whitlock","Garrett","R","R","BOS","P"
"287","wincj001","Winckowski","Josh","R","R","BOS","P"
"288","wongc001","Wong","Connor","R","R","BOS","C"
"289","abrej003","Abreu","Jose","R","R","CHA","1B"
"290","andet001","Anderson","Tim","R","R","CHA","SS"
"291","andre001","Andrus","Elvis","R","R","CHA","SS"
"292","bankt001","Banks","Tanner","R","L","CHA","P"
"293","bumma001","Bummer","Aaron","L","L","CHA","P"
"294","burgj001","Burger","Jake","R","R","CHA","3B"
"295","burrr002","Burr","Ryan","R","R","CHA","P"
"296","ceasd001","Cease","Dylan","R","R","CHA","P"
"297","crick001","Crick","Kyle","L","R","CHA","P"
"298","cuetj001","Cueto","Johnny","R","R","CHA","P"
"299","diekj001","Diekman","Jake","R","L","CHA","P"
"300","engea001","Engel","Adam","R","R","CHA","OF"
"301","fostm001","Foster","Matt","R","R","CHA","P"
"302","garcl004","Garcia","Leury","B","R","CHA","OF"
"303","gioll001","Giolito","Lucas","R","R","CHA","P"
"304","gonzr003","Gonzalez","Romy","R","R","CHA","OF"
"305","grany001","Grandal","Yasmani","B","R","CHA","C"
"306","gravk001","Graveman","Kendall","R","R","CHA","P"
"307","harrj002","Harrison","Josh","R","R","CHA","2B"
"308","hasea001","Haseley","Adam","L","L","CHA","OF"
"309","hendl001","Hendriks","Liam","R","R","CHA","P"
"310","jimee001","Jimenez","Eloy","R","R","CHA","OF"
"311","kellj001","Kelly","Joe","R","R","CHA","P"
"312","keucd001","Keuchel","Dallas","L","L","CHA","P"
"313","kopem001","Kopech","Michael","R","R","CHA","P"
"314","lambj003","Lambert","Jimmy","R","R","CHA","P"
"315","loper003","Lopez","Reynaldo","R","R","CHA","P"
"316","lynnl001","Lynn","Lance","R","R","CHA","P"
"317","martd006","Martin","Davis","L","R","CHA","P"
"318","mcgur002","McGuire","Reese","L","R","CHA","C"
"319","mendd002","Mendick","Danny","R","R","CHA","SS"
"320","moncy001","Moncada","Yoan","B","R","CHA","3B"
"321","paytm001","Payton","Mark","L","L","CHA","OF"
"322","perec005","Perez","Carlos","R","R","CHA","C"
"323","polla001","Pollock","AJ","R","R","CHA","OF"
"324","robel002","Robert","Luis","R","R","CHA","OF"
"325","ruizj001","Ruiz","Jose","R","R","CHA","P"
"326","sevea002","Severino","Anderson","L","L","CHA","P"
"327","sheeg001","Sheets","Gavin","L","L","CHA","OF"
"328","sosal001","Sosa","Lenyn","R","R","CHA","SS"
"329","sousb001","Sousa","Bennett","L","L","CHA","P"
"330","vauga001","Vaughn","Andrew","R","R","CHA","1B"
"331","velav001","Velasquez","Vince","R","R","CHA","P"
"332","zavas001","Zavala","Seby","R","R","CHA","C"
"333","alzoa001","Alzolay","Adbert","R","R","CHN","P"
"334","assaj001","Assad","Javier","R","R","CHN","P"
"335","boted002","Bote","David","R","R","CHN","2B"
"336","braus002","Brault","Steven","L","L","CHN","P"
"337","castk002","Castro","Kervin","R","R","CHN","P"
"338","chavj001","Chavez","Jesse","R","R","CHN","P"
"339","contw001","Contreras","Willson","R","R","CHN","C"
"340","croon001","Crook","Narciso","R","R","CHN","OF"
"341","dermm001","Dermody","Matt","R","L","CHN","P"
"342","effrs001","Effross","Scott","R","R","CHN","P"
"343","espia002","Espinoza","Anderson","R","R","CHN","P"
"344","estrj002","Estrada","Jeremiah","B","R","CHN","P"
"345","farrl001","Farrell","Luke","L","R","CHN","P"
"346","frazc001","Frazier","Jackson","R","R","CHN","OF"
"347","givem001","Givens","Mychal","R","R","CHN","P"
"348","gomey001","Gomes","Yan","R","R","CHN","C"
"349","gselr001","Gsellman","Robert","R","R","CHN","P"
"350","happi001","Happ","Ian","B","R","CHN","2B"
"351","hendk001","Hendricks","Kyle","R","R","CHN","P"
"352","hermm001","Hermosillo","Michael","R","R","CHN","OF"
"353","heywj001","Heyward","Jason","L","L","CHN","OF"
"354","higgp001","Higgins","P. J.","R","R","CHN","C"
"355","hoern001","Hoerner","Nico","R","R","CHN","SS"
"356","hughb002","Hughes","Brandon","B","L","CHN","P"
"357","kilic001","Kilian","Caleb","R","R","CHN","P"
"358","leitm002","Leiter","Mark","R","R","CHN","P"
"359","littb002","Little","Brendon","L","L","CHN","P"
"360","madrn001","Madrigal","Nick","R","R","CHN","2B"
"361","martc007","Martin","Chris","R","R","CHN","P"
"362","mckiz001","McKinstry","Zach","L","R","CHN","2B"
"363","menec001","Menez","Conner","L","L","CHN","P"
"364","milew001","Miley","Wade","L","L","CHN","P"
"365","milla003","Mills","Alec","R","R","CHN","P"
"366","morec001","Morel","Christopher","R","R","CHN","3B"
"367","newcs001","Newcomb","Sean","L","L","CHN","P"
"368","norrd002","Norris","Daniel","L","L","CHN","P"
"369","orter001","Ortega","Rafael","L","R","CHN","OF"
"370","padin001","Padilla","Nicholas","R","R","CHN","P"
"371","quire001","Quiroz","Esteban","L","R","CHN","2B"
"372","reyef001","Reyes","Franmil","R","R","CHN","OF"
"373","rivaa001","Rivas","Alfonso","L","L","CHN","1B"
"374","robee001","Roberts","Ethan","R","R","CHN","P"
"375","robed002","Robertson","David","R","R","CHN","P"
"376","rodrm001","Rodriguez","Manuel","R","R","CHN","P"
"377","ruckm001","Rucker","Michael","R","R","CHN","P"
"378","sampa001","Sampson","Adrian","R","R","CHN","P"
"379","schwf001","Schwindel","Frank","R","R","CHN","1B"
"380","simma001","Simmons","Andrelton","R","R","CHN","SS"
"381","smyld001","Smyly","Drew","L","L","CHN","P"
"382","stjol001","St. John","Locke","L","L","CHN","P"
"383","steej002","Steele","Justin","L","L","CHN","P"
"384","stoue001","Stout","Eric","L","L","CHN","P"
"385","strom001","Stroman","Marcus","R","R","CHN","P"
"386","suzus001","Suzuki","Seiya","R","R","CHN","OF"
"387","swarm001","Swarmer","Matt","R","R","CHN","P"
"388","thomk002","Thompson","Keegan","R","R","CHN","P"
"389","uelme001","Uelmen","Erich","R","R","CHN","P"
"390","vargi001","Vargas","Ildemaro","B","R","CHN","2B"
"391","velan001","Velazquez","Nelson","R","R","CHN","OF"
"392","villj001","Villar","Jonathan","B","R","CHN","SS"
"393","wesnh001","Wesneski","Hayden","R","R","CHN","P"
"394","wickr001","Wick","Rowan","L","R","CHN","P"
"395","wisdp001","Wisdom","Patrick","R","R","CHN","3B"
"396","younj003","Young","Jared","L","R","CHN","1B"
"397","almoa002","Almora","Albert","R","R","CIN","OF"
"398","andec001","Anderson","Chase","R","R","CIN","P"
"399","aquia001","Aquino","Aristides","R","R","CIN","OF"
"400","ashcg001","Ashcraft","Graham","L","R","CIN","P"
"401","garcj007","Barrero","Jose","R","R","CIN","SS"
"402","castl003","Castillo","Luis","R","R","CIN","P"
"403","cessl001","Cessa","Luis","R","R","CIN","P"
"404","cruzf002","Cruz","Fernando","B","R","CIN","P"
"405","dawsr001","Dawson","Ronnie","L","R","CIN","OF"
"406","detwr001","Detwiler","Ross","R","L","CIN","P"
"407","diaza004","Diaz","Alexis","R","R","CIN","P"
"408","diehp001","Diehl","Phillip","L","L","CIN","P"
"409","dowdk001","Dowdy","Kyle","R","R","CIN","P"
"410","drurb001","Drury","Brandon","R","R","CIN","3B"
"411","duard001","Duarte","Daniel","R","R","CIN","P"
"412","duggr001","Dugger","Robert","R","R","CIN","P"
"413","dunnj002","Dunn","Justin","R","R","CIN","P"
"414","espir001","Espinal","Raynel","R","R","CIN","P"
"415","fairs001","Fairchild","Stuart","R","R","CIN","OF"
"416","farmb001","Farmer","Buck","L","R","CIN","P"
"417","farmk001","Farmer","Kyle","R","R","CIN","C"
"418","farrl001","Farrell","Luke","L","R","CIN","P"
"419","fralj001","Fraley","Jake","L","L","CIN","OF"
"420","friet001","Friedl","TJ","L","L","CIN","OF"
"421","garca006","Garcia","Aramis","R","R","CIN","C"
"422","gibai001","Gibaut","Ian","R","R","CIN","P"
"423","greeh001","Greene","Hunter","R","R","CIN","P"
"424","gutiv001","Gutierrez","Vladimir","R","R","CIN","P"
"425","hendr003","Hendrix","Ryan","R","R","CIN","P"
"426","hoffj003","Hoffman","Jeff","R","R","CIN","P"
"427","indij001","India","Jonathan","R","R","CIN","3B"
"428","kolom001","Kolozsvary","Mark","R","R","CIN","C"
"429","kuhnj001","Kuhnel","Joel","R","R","CIN","P"
"430","law-d001","Law","Derek","R","R","CIN","P"
"431","lodon001","Lodolo","Nick","L","L","CIN","P"
"432","lopea005","Lopez","Alejo","B","R","CIN","2B"
"433","mahlt001","Mahle","Tyler","R","R","CIN","P"
"434","minom001","Minor","Mike","R","L","CIN","P"
"435","morac001","Moran","Colin","L","R","CIN","3B"
"436","mored002","Moreta","Dauri","R","R","CIN","P"
"437","mottt001","Motter","Taylor","R","R","CIN","OF"
"438","mousm001","Moustakas","Mike","L","R","CIN","3B"
"439","naqut001","Naquin","Tyler","L","R","CIN","OF"
"440","okeyc001","Okey","Chris","R","R","CIN","C"
"441","overc001","Overton","Connor","L","R","CIN","P"
"442","papim001","Papierski","Michael","B","R","CIN","C"
"443","phamt001","Pham","Tommy","R","R","CIN","OF"
"444","reynm003","Reynolds","Matt","R","R","CIN","SS"
"445","riddj001","Riddle","JT","L","R","CIN","SS"
"446","robic003","Robinson","Chuckie","R","R","CIN","C"
"447","romia002","Romine","Austin","R","R","CIN","C"
"448","sanmr001","Sanmartin","Reiver","L","L","CIN","P"
"449","santt001","Santillan","Tony","R","R","CIN","P"
"450","schrm001","Schrock","Max","L","R","CIN","2B"
"451","senzn001","Senzel","Nick","R","R","CIN","OF"
"452","sianm001","Siani","Mike","L","L","CIN","OF"
"453","simsl001","Sims","Lucas","R","R","CIN","P"
"454","solad001","Solano","Donovan","R","R","CIN","2B"
"455","soloj001","Solomon","Jared","R","R","CIN","P"
"456","stees001","Steer","Spencer","R","R","CIN","1B"
"457","stept001","Stephenson","Tyler","R","R","CIN","C"
"458","strih001","Strickland","Hunter","R","R","CIN","P"
"459","vottj001","Votto","Joey","L","R","CIN","1B"
"460","warra002","Warren","Art","R","R","CIN","P"
"461","wilsj004","Wilson","Justin","L","L","CIN","P"
"462","zeuct001","Zeuch","T. J.","R","R","CIN","P"
"463","allel002","Allen","Logan","R","L","CLE","P"
"464","ariag002","Arias","Gabriel","R","R","CLE","SS"
"465","bensw001","Benson","Will","L","L","CLE","OF"
"466","biebs001","Bieber","Shane","R","R","CLE","P"
"467","bradb002","Bradley","Bobby","L","R","CLE","1B"
"468","brenw002","Brennan","Will","L","L","CLE","OF"
"469","calla002","Call","Alex","R","R","CLE","OF"
"470","casta005","Castro","Anthony","R","R","CLE","P"
"471","chany001","Chang","Yu","R","R","CLE","SS"
"472","civaa001","Civale","Aaron","R","R","CLE","P"
"473","clase001","Clase","Emmanuel","R","R","CLE","P"
"474","cleme002","Clement","Ernie","R","R","CLE","2B"
"475","currx001","Curry","Xzavion","R","R","CLE","P"
"476","deloe001","De Los Santos","Enyel","R","R","CLE","P"
"477","freet001","Freeman","Tyler","R","R","CLE","SS"
"478","gaddh001","Gaddis","Hunter","R","R","CLE","P"
"479","gibai001","Gibaut","Ian","R","R","CLE","P"
"480","gimea001","Gimenez","Andres","L","R","CLE","SS"
"481","gonzo001","Gonzalez","Oscar","R","R","CLE","OF"
"482","gosea001","Gose","Anthony","L","L","CLE","OF"
"483","hedga001","Hedges","Austin","R","R","CLE","C"
"484","hents001","Hentges","Sam","L","L","CLE","P"
"485","jonen002","Jones","Nolan","L","R","CLE","OF"
"486","karij001","Karinchak","James","R","R","CLE","P"
"487","kwans001","Kwan","Steven","L","L","CLE","OF"
"488","lavab001","Lavastida","Bryan","R","R","CLE","C"
"489","leons001","Leon","Sandy","B","R","CLE","C"
"490","maill001","Maile","Luke","R","R","CLE","C"
"491","mccak003","McCarty","Kirk","L","L","CLE","P"
"492","mcket001","McKenzie","Triston","R","R","CLE","P"
"493","merco003","Mercado","Oscar","R","R","CLE","OF"
"494","millo002","Miller","Owen","R","R","CLE","SS"
"495","morge001","Morgan","Eli","R","R","CLE","P"
"496","morrc001","Morris","Cody","R","R","CLE","P"
"497","naylb001","Naylor","Bo","L","R","CLE","C"
"498","naylj001","Naylor","Josh","L","L","CLE","OF"
"499","palar002","Palacios","Richie","L","R","CLE","2B"
"500","pilkk001","Pilkington","Konnor","L","L","CLE","P"
"501","plesz001","Plesac","Zach","R","R","CLE","P"
"502","quanc001","Quantrill","Cal","L","R","CLE","P"
"503","ramij003","Ramirez","Jose","B","R","CLE","SS"
"504","ramiy002","Ramirez","Yohan","R","R","CLE","P"
"505","reyef001","Reyes","Franmil","R","R","CLE","OF"
"506","rosaa003","Rosario","Amed","R","R","CLE","SS"
"507","sandn001","Sandlin","Nick","R","R","CLE","P"
"508","shawb001","Shaw","Bryan","B","R","CLE","P"
"509","stept002","Stephan","Trevor","R","R","CLE","P"
"510","stram002","Straw","Myles","R","R","CLE","OF"
"511","tullt001","Tully","Tanner","L","L","CLE","P"
"512","youna002","Young","Alex","L","L","CLE","P"
"513","bardd001","Bard","Daniel","R","R","COL","P"
"514","bernw001","Bernard","Wynton","R","R","COL","OF"
"515","birdj001","Bird","Jake","R","R","COL","P"
"516","blact002","Blach","Ty","R","L","COL","P"
"517","blacc001","Blackmon","Charlie","L","L","COL","OF"
"518","boucs001","Bouchard","Sean","R","R","COL","1B"
"519","bryak001","Bryant","Kris","R","R","COL","3B"
"520","chacj001","Chacin","Jhoulys","R","R","COL","P"
"521","coloa001","Colome","Alex","R","R","COL","P"
"522","cronc002","Cron","C. J.","R","R","COL","1B"
"523","davin001","Davis","Noah","R","R","COL","P"
"524","dazay001","Daza","Yonathan","R","R","COL","OF"
"525","diaze005","Diaz","Elias","R","R","COL","C"
"526","estec001","Estevez","Carlos","R","R","COL","P"
"527","feltr001","Feltner","Ryan","R","R","COL","P"
"528","freek001","Freeland","Kyle","L","L","COL","P"
"529","gilbl001","Gilbreath","Lucas","L","L","COL","P"
"530","gomba001","Gomber","Austin","L","L","COL","P"
"531","gouda001","Goudeau","Ashton","R","R","COL","P"
"532","gricr001","Grichuk","Randal","R","R","COL","OF"
"533","hampg001","Hampson","Garrett","R","R","COL","SS"
"534","hills005","Hilliard","Sam","L","L","COL","OF"
"535","hollg002","Hollowell","Gavin","R","R","COL","P"
"536","iglej001","Iglesias","Jose","R","R","COL","SS"
"537","joe-c001","Joe","Connor","R","R","COL","3B"
"538","kinlt001","Kinley","Tyler","R","R","COL","P"
"539","kuhlc001","Kuhl","Chad","R","R","COL","P"
"540","lamed001","Lamet","Dinelson","R","R","COL","P"
"541","lawrj002","Lawrence","Justin","R","R","COL","P"
"542","marqg001","Marquez","German","R","R","COL","P"
"543","mcmar001","McMahon","Ryan","L","R","COL","3B"
"544","monte001","Montero","Elehuris","R","R","COL","1B"
"545","nuned001","Nunez","Dom","L","R","COL","C"
"546","rodgb002","Rodgers","Brendan","R","R","COL","SS"
"547","senza001","Senzatela","Antonio","R","R","COL","P"
"548","servb001","Serven","Brian","R","R","COL","C"
"549","shefj002","Sheffield","Jordan","R","R","COL","P"
"550","smitc007","Smith","Chad","R","R","COL","P"
"551","stepr002","Stephenson","Robert","R","R","COL","P"
"552","toglm001","Toglia","Michael","B","L","COL","1B"
"553","tovae001","Tovar","Ezequiel","R","R","COL","SS"
"554","treja001","Trejo","Alan","R","R","COL","SS"
"555","urenj001","Urena","Jose","R","R","COL","P"
"556","alext001","Alexander","Tyler","R","L","DET","P"
"557","badda001","Baddoo","Akil","L","L","DET","OF"
"558","baezj001","Baez","Javier","R","R","DET","SS"
"559","barnj002","Barnes","Jacob","R","R","DET","P"
"560","barnt001","Barnhart","Tucker","B","R","DET","C"
"561","brieb001","Brieske","Beau","R","R","DET","P"
"562","cabrm001","Cabrera","Miguel","R","R","DET","1B"
"563","camed001","Cameron","Daz","R","R","DET","OF"
"564","candj002","Candelario","Jeimer","B","R","DET","3B"
"565","carld003","Carlton","Drew","R","R","DET","P"
"566","carpk001","Carpenter","Kerry","L","R","DET","OF"
"567","castl004","Castillo","Luis","R","R","DET","P"
"568","casth001","Castro","Harold","L","R","DET","3B"
"569","castw003","Castro","Willi","B","R","DET","SS"
"570","chafa001","Chafin","Andrew","R","L","DET","P"
"571","cisnj001","Cisnero","Jose","R","R","DET","P"
"572","clemk001","Clemens","Kody","L","R","DET","2B"
"573","davib006","Davis","Brendon","R","R","DET","3B"
"574","dejea001","De Jesus","Angel","R","R","DET","P"
"575","diazm004","Diaz","Miguel","R","R","DET","P"
"576","faeda001","Faedo","Alex","R","R","DET","P"
"577","folej001","Foley","Jason","R","R","DET","P"
"578","fulmm001","Fulmer","Michael","R","R","DET","P"
"579","garcb001","Garcia","Bryan","R","R","DET","P"
"580","garcr007","Garcia","Rony","R","R","DET","P"
"581","garnd001","Garneau","Dustin","R","R","DET","C"
"582","greer003","Greene","Riley","L","L","DET","OF"
"583","grosr001","Grossman","Robbie","B","L","DET","OF"
"584","haase001","Haase","Eric","R","R","DET","C"
"585","hilld002","Hill","Derek","R","R","DET","OF"
"586","hillg002","Hill","Garrett","R","R","DET","P"
"587","hutcd001","Hutchison","Drew","L","R","DET","P"
"588","jimej003","Jimenez","Joe","R","R","DET","P"
"589","kreir001","Kreidler","Ryan","R","R","DET","3B"
"590","langa001","Lange","Alex","R","R","DET","P"
"591","law-d001","Law","Derek","R","R","DET","P"
"592","lestj002","Lester","Josh","L","R","DET","3B"
"593","mannm001","Manning","Matt","R","R","DET","P"
"594","meada001","Meadows","Austin","L","L","DET","OF"
"595","mizec001","Mize","Casey","R","R","DET","P"
"596","norrd002","Norris","Daniel","L","L","DET","P"
"597","peraw001","Peralta","Wily","R","R","DET","P"
"598","pinem001","Pineda","Michael","R","R","DET","P"
"599","reyev001","Reyes","Victor","B","R","DET","OF"
"600","rodre004","Rodriguez","Eduardo","L","L","DET","P"
"601","rodre005","Rodriguez","Elvin","R","R","DET","P"
"602","schoj001","Schoop","Jonathan","R","R","DET","2B"
"603","shorz001","Short","Zack","R","R","DET","SS"
"604","skubt001","Skubal","Tarik","R","L","DET","P"
"605","sotog003","Soto","Gregory","L","L","DET","P"
"606","torks001","Torkelson","Spencer","R","R","DET","3B"
"607","vestw001","Vest","Will","R","R","DET","P"
"608","wentj001","Wentz","Joey","L","L","DET","P"
"609","abreb002","Abreu","Bryan","R","R","HOU","P"
"610","altuj001","Altuve","Jose","R","R","HOU","2B"
"611","alvay001","Alvarez","Yordan","L","R","HOU","1B"
"612","baezp001","Baez","Pedro","R","R","HOU","P"
"613","bielb001","Bielak","Brandon","L","R","HOU","P"
"614","blanr001","Blanco","Ronel","R","R","HOU","P"
"615","branm003","Brantley","Michael","L","L","HOU","OF"
"616","brega001","Bregman","Alex","R","R","HOU","SS"
"617","browh001","Brown","Hunter","R","R","HOU","P"
"618","castj006","Castro","Jason","L","R","HOU","C"
"619","diaza003","Diaz","Aledmys","R","R","HOU","SS"
"620","diazy004","Diaz","Yainer","R","R","HOU","C"
"621","dubom001","Dubon","Mauricio","R","R","HOU","SS"
"622","garcl007","Garcia","Luis","R","R","HOU","P"
"623","goodn002","Goodrum","Niko","B","R","HOU","OF"
"624","gurry001","Gurriel","Yuli","R","R","HOU","3B"
"625","hensd002","Hensley","David","R","R","HOU","2B"
"626","javic001","Javier","Cristian","R","R","HOU","P"
"627","jonet005","Jones","Taylor","R","R","HOU","1B"
"628","lee-k002","Lee","Korey","R","R","HOU","C"
"629","maldm001","Maldonado","Martin","R","R","HOU","C"
"630","manct001","Mancini","Trey","R","R","HOU","OF"
"631","marts003","Martinez","Seth","R","R","HOU","P"
"632","matij001","Matijevic","J. J.","L","R","HOU","1B"
"633","matop002","Maton","Phil","R","R","HOU","P"
"634","mccoc001","McCormick","Chas","R","L","HOU","OF"
"635","mccul002","McCullers","Lance","L","R","HOU","P"
"636","meyej002","Meyers","Jake","R","L","HOU","OF"
"637","montr004","Montero","Rafael","R","R","HOU","P"
"638","mushp001","Mushinski","Parker","L","L","HOU","P"
"639","nerih001","Neris","Hector","R","R","HOU","P"
"640","odorj001","Odorizzi","Jake","R","R","HOU","P"
"641","paree003","Paredes","Enoli","R","R","HOU","P"
"642","penaj004","Pena","Jeremy","R","R","HOU","SS"
"643","perej003","Perez","Joe","R","R","HOU","3B"
"644","presr001","Pressly","Ryan","R","R","HOU","P"
"645","sirij001","Siri","Jose","R","R","HOU","OF"
"646","smitw002","Smith","Will","R","L","HOU","P"
"647","stanr002","Stanek","Ryne","R","R","HOU","P"
"648","taylb004","Taylor","Blake","L","L","HOU","P"
"649","tuckk001","Tucker","Kyle","L","R","HOU","OF"
"650","urquj001","Urquidy","Jose","R","R","HOU","P"
"651","valdf001","Valdez","Framber","R","L","HOU","P"
"652","vazqc001","Vazquez","Christian","R","R","HOU","C"
"653","verlj001","Verlander","Justin","R","R","HOU","P"
"654","abrea001","Abreu","Albert","R","R","KCA","P"
"655","barls001","Barlow","Scott","R","R","KCA","P"
"656","benia002","Benintendi","Andrew","L","L","KCA","OF"
"657","bland001","Blanco","Dairon","R","R","KCA","OF"
"658","bolar001","Bolanos","Ronald","R","R","KCA","P"
"659","brenj001","Brentz","Jake","L","L","KCA","P"
"660","bubik001","Bubic","Kris","L","L","KCA","P"
"661","castm003","Castillo","Max","R","R","KCA","P"
"662","clart003","Clarke","Taylor","R","R","KCA","P"
"663","coled003","Coleman","Dylan","R","R","KCA","P"
"664","cuasj001","Cuas","Jose","R","R","KCA","P"
"665","dozih001","Dozier","Hunter","R","R","KCA","OF"
"666","eaton001","Eaton","Nate","R","R","KCA","OF"
"667","fermf002","Fermin","Freddy","R","R","KCA","C"
"668","gallc001","Gallagher","Cam","R","R","KCA","C"
"669","garcm003","Garcia","Maikel","R","R","KCA","SS"
"670","garra001","Garrett","Amir","R","L","KCA","P"
"671","greiz001","Greinke","Zack","R","R","KCA","P"
"672","griff001","Griffin","Foster","R","L","KCA","P"
"673","heasj001","Heasley","Jonathan","R","R","KCA","P"
"674","hernc006","Hernandez","Carlos","R","R","KCA","P"
"675","hickb003","Hicklen","Brewer","R","R","KCA","OF"
"676","isbek001","Isbel","Kyle","L","R","KCA","OF"
"677","kellb003","Keller","Brad","R","R","KCA","P"
"678","kowaj001","Kowar","Jackson","R","R","KCA","P"
"679","lopen001","Lopez","Nicky","L","R","KCA","SS"
"680","lyncd001","Lynch","Daniel","L","L","KCA","P"
"681","massm001","Massey","Michael","L","R","KCA","2B"
"682","melem001","Melendez","MJ","L","R","KCA","C"
"683","mengd001","Mengden","Daniel","R","R","KCA","P"
"684","merrw001","Merrifield","Whit","R","R","KCA","OF"
"685","millw002","Mills","Wyatt","R","R","KCA","P"
"686","misia001","Misiewicz","Anthony","R","L","KCA","P"
"687","mondr003","Mondesi","Adalberto","B","R","KCA","SS"
"688","ohear001","O`Hearn","Ryan","L","L","KCA","1B"
"689","olive001","Olivares","Edward","R","R","KCA","OF"
"690","pasqv001","Pasquantino","Vinnie","L","L","KCA","1B"
"691","payaj001","Payamps","Joel","R","R","KCA","P"
"692","peacm001","Peacock","Matt","R","R","KCA","P"
"693","peres002","Perez","Salvador","R","R","KCA","C"
"694","pratn001","Pratto","Nick","L","L","KCA","1B"
"695","rivee001","Rivera","Emmanuel","R","R","KCA","3B"
"696","rives002","Rivero","Sebastian","R","R","KCA","C"
"697","rookb001","Rooker","Brent","R","R","KCA","OF"
"698","santc002","Santana","Carlos","B","R","KCA","1B"
"699","singb001","Singer","Brady","R","R","KCA","P"
"700","snidc001","Snider","Collin","R","R","KCA","P"
"701","speig001","Speier","Gabe","L","L","KCA","P"
"702","stauj001","Staumont","Josh","R","R","KCA","P"
"703","taylm002","Taylor","Michael","R","R","KCA","OF"
"704","vizca001","Vizcaino","Arodys","R","R","KCA","P"
"705","wated001","Waters","Drew","B","R","KCA","OF"
"706","weavl001","Weaver","Luke","R","R","KCA","P"
"707","wittb002","Witt","Bobby","R","R","KCA","SS"
"708","zerpa001","Zerpa","Angel","L","L","KCA","P"
"709","albeh001","Alberto","Hanser","R","R","LAN","2B"
"710","almoy001","Almonte","Yency","R","R","LAN","P"
"711","alvae001","Alvarez","Eddy","L","R","LAN","SS"
"712","andet002","Anderson","Tyler","L","L","LAN","P"
"713","barna001","Barnes","Austin","R","R","LAN","C"
"714","bellc002","Bellinger","Cody","L","L","LAN","1B"
"715","bettm001","Betts","Mookie","R","R","LAN","OF"
"716","bickp001","Bickford","Phil","R","R","LAN","P"
"717","bruij001","Bruihl","Justin","L","L","LAN","P"
"718","buehw001","Buehler","Walker","R","R","LAN","P"
"719","cleag001","Cleavinger","Garrett","R","L","LAN","P"
"720","erlir001","Erlin","Robbie","R","L","LAN","P"
"721","fergc001","Ferguson","Caleb","R","L","LAN","P"
"722","freef001","Freeman","Freddie","L","R","LAN","1B"
"723","gallj002","Gallo","Joey","L","R","LAN","OF"
"724","gonst001","Gonsolin","Tony","R","R","LAN","P"
"725","gratb002","Graterol","Brusdar","R","R","LAN","P"
"726","grees005","Greene","Shane","R","R","LAN","P"
"727","grovm001","Grove","Michael","R","R","LAN","P"
"728","heana001","Heaney","Andrew","L","L","LAN","P"
"729","hembh001","Hembree","Heath","R","R","LAN","P"
"730","hudsd001","Hudson","Daniel","R","R","LAN","P"
"731","jacka003","Jackson","Andre","R","R","LAN","P"
"732","kahnt001","Kahnle","Tommy","R","R","LAN","P"
"733","kersc001","Kershaw","Clayton","L","L","LAN","P"
"734","kimbc001","Kimbrel","Craig","R","R","LAN","P"
"735","lambj001","Lamb","Jake","L","R","LAN","3B"
"736","lux-g001","Lux","Gavin","L","R","LAN","2B"
"737","martc007","Martin","Chris","R","R","LAN","P"
"738","may-d003","May","Dustin","R","R","LAN","P"
"739","mckiz001","McKinstry","Zach","L","R","LAN","2B"
"740","moror001","Moronta","Reyes","R","R","LAN","P"
"741","muncm001","Muncy","Max","L","R","LAN","1B"
"742","outmj002","Outman","James","L","R","LAN","OF"
"743","pepir001","Pepiot","Ryan","R","R","LAN","P"
"744","phile001","Phillips","Evan","R","R","LAN","P"
"745","pillk001","Pillar","Kevin","R","R","LAN","OF"
"746","pricd001","Price","David","L","L","LAN","P"
"747","reedj005","Reed","Jake","R","R","LAN","P"
"748","riose001","Rios","Edwin","L","R","LAN","3B"
"749","smitw003","Smith","Will","R","R","LAN","C"
"750","taylc001","Taylor","Chris","R","R","LAN","SS"
"751","thomt002","Thompson","Trayce","R","R","LAN","OF"
"752","treib001","Treinen","Blake","R","R","LAN","P"
"753","turnj001","Turner","Justin","R","R","LAN","3B"
"754","turnt001","Turner","Trea","R","R","LAN","SS"
"755","uriaj001","Urias","Julio","L","L","LAN","P"
"756","vargm001","Vargas","Miguel","R","R","LAN","3B"
"757","vesia001","Vesia","Alex","L","L","LAN","P"
"758","whitm004","White","Mitch","R","R","LAN","P"
"759","woltt001","Wolters","Tony","L","R","LAN","C"
"760","aguij001","Aguilar","Jesus","R","R","MIA","1B"
"761","alcas001","Alcantara","Sandy","R","R","MIA","P"
"762","andeb006","Anderson","Brian","R","R","MIA","3B"
"763","armss001","Armstrong","Shawn","R","R","MIA","P"
"764","astuw001","Astudillo","Willians","R","R","MIA","C"
"765","bassa001","Bass","Anthony","R","R","MIA","P"
"766","benda001","Bender","Anthony","R","R","MIA","P"
"767","bertj001","Berti","Jon","R","R","MIA","3B"
"768","bledj001","Bleday","JJ","L","L","MIA","OF"
"769","bleir001","Bleier","Richard","L","L","MIA","P"
"770","brazh001","Brazoban","Huascar","R","R","MIA","P"
"771","brigj002","Brigham","Jeff","R","R","MIA","P"
"772","burdp001","Burdick","Peyton","R","R","MIA","OF"
"773","cabre003","Cabrera","Edward","R","R","MIA","P"
"774","castd003","Castano","Daniel","L","L","MIA","P"
"775","chisj001","Chisholm","Jazz","L","R","MIA","SS"
"776","coopg002","Cooper","Garrett","R","R","MIA","1B"
"777","delab001","De La Cruz","Bryan","R","R","MIA","OF"
"778","diazl001","Diaz","Lewin","L","L","MIA","1B"
"779","dunaj001","Dunand","Joe","R","R","MIA","3B"
"780","encaj002","Encarnacion","Jerar","R","R","MIA","OF"
"781","fishj002","Fishman","Jake","L","L","MIA","P"
"782","flord002","Floro","Dylan","L","R","MIA","P"
"783","fortn001","Fortes","Nick","R","R","MIA","C"
"784","garca003","Garcia","Avisail","R","R","MIA","OF"
"785","garrb001","Garrett","Braxton","R","L","MIA","P"
"786","gonze004","Gonzalez","Erik","R","R","MIA","SS"
"787","grosj001","Groshans","Jordan","R","R","MIA","SS"
"788","hamib001","Hamilton","Billy","R","R","MIA","OF"
"789","headl001","Head","Louis","R","R","MIA","P"
"790","henrp001","Henry","Payton","R","R","MIA","C"
"791","herne002","Hernandez","Elieser","R","R","MIA","P"
"792","hoeib001","Hoeing","Bryan","R","R","MIA","P"
"793","hollj002","Holloway","Jordan","R","R","MIA","P"
"794","ladwa001","Ladwig","A. J.","R","R","MIA","P"
"795","leblc001","Leblanc","Charles","R","R","MIA","SS"
"796","lopep002","Lopez","Pablo","L","R","MIA","P"
"797","luzaj001","Luzardo","Jesus","L","L","MIA","P"
"798","meyem001","Meyer","Max","L","R","MIA","P"
"799","nanct001","Nance","Tommy","R","R","MIA","P"
"800","narda001","Nardi","Andrew","L","L","MIA","P"
"801","neidn001","Neidert","Nick","R","R","MIA","P"
"802","okers001","Okert","Steven","L","L","MIA","P"
"803","pop-z001","Pop","Zach","R","R","MIA","P"
"804","potec001","Poteet","Cody","R","R","MIA","P"
"805","roget003","Rogers","Trevor","L","L","MIA","P"
"806","rojam002","Rojas","Miguel","R","R","MIA","SS"
"807","sancj003","Sanchez","Jesus","L","R","MIA","OF"
"808","scott003","Scott","Tanner","R","L","MIA","P"
"809","solej001","Soler","Jorge","R","R","MIA","OF"
"810","stalj001","Stallings","Jacob","R","R","MIA","C"
"811","sulsc001","Sulser","Cole","R","R","MIA","P"
"812","wendj002","Wendle","Joey","L","R","MIA","2B"
"813","willl001","Williams","Luke","R","R","MIA","3B"
"814","yacaj001","Yacabonis","Jimmy","R","R","MIA","P"
"815","zabaa001","Zabala","Aneurys","R","R","MIA","P"
"816","adamw002","Adames","Willy","R","R","MIL","SS"
"817","alexj001","Alexander","Jason","R","R","MIL","P"
"818","ashba003","Ashby","Aaron","R","L","MIL","P"
"819","barkl002","Barker","Luke","R","R","MIL","P"
"820","boxbb001","Boxberger","Brad","R","R","MIL","P"
"821","brosm001","Brosseau","Mike","R","R","MIL","3B"
"822","burnc002","Burnes","Corbin","R","R","MIL","P"
"823","bushm001","Bush","Matt","R","R","MIL","P"
"824","cainl001","Cain","Lorenzo","R","R","MIL","OF"
"825","carav001","Caratini","Victor","B","R","MIL","C"
"826","cousj001","Cousins","Jake","R","R","MIL","P"
"827","davij007","Davis","Jonathan","R","R","MIL","OF"
"828","felim002","Feliciano","Mario","R","R","MIL","C"
"829","gonzc002","Gonzalez","Chi Chi","R","R","MIL","P"
"830","gottt001","Gott","Trevor","R","R","MIL","P"
"831","gustj001","Gustave","Jandel","R","R","MIL","P"
"832","hadej001","Hader","Josh","L","L","MIL","P"
"833","hiurk001","Hiura","Keston","R","R","MIL","2B"
"834","housa001","Houser","Adrian","R","R","MIL","P"
"835","jacka002","Jackson","Alex","R","R","MIL","C"
"836","kellt002","Kelley","Trevor","R","R","MIL","P"
"837","lauee001","Lauer","Eric","R","L","MIL","P"
"838","mathm002","Mathias","Mark","R","R","MIL","2B"
"839","mccua001","McCutchen","Andrew","R","R","MIL","OF"
"840","mcgej001","McGee","Jake","L","L","MIL","P"
"841","mejij002","Mejia","J. C.","R","R","MIL","P"
"842","milnh001","Milner","Hoby","L","L","MIL","P"
"843","mitcg001","Mitchell","Garrett","L","R","MIL","OF"
"844","narvo001","Narvaez","Omar","L","R","MIL","C"
"845","peraf001","Peralta","Freddy","R","R","MIL","P"
"846","perdl002","Perdomo","Luis","R","R","MIL","P"
"847","petej002","Peterson","Jace","L","R","MIL","2B"
"848","renfh001","Renfroe","Hunter","R","R","MIL","OF"
"849","reyep001","Reyes","Pablo","R","R","MIL","OF"
"850","roget001","Rogers","Taylor","L","L","MIL","P"
"851","ruize001","Ruiz","Esteury","R","R","MIL","OF"
"852","sadzc001","Sadzeck","Connor","R","R","MIL","P"
"853","sancm001","Sanchez","Miguel","R","R","MIL","P"
"854","sevep001","Severino","Pedro","R","R","MIL","C"
"855","smale001","Small","Ethan","L","L","MIL","P"
"856","strzp001","Strzelecki","Peter","R","R","MIL","P"
"857","suteb001","Suter","Brent","L","L","MIL","P"
"858","taylt002","Taylor","Tyrone","R","R","MIL","OF"
"859","tellr001","Tellez","Rowdy","L","L","MIL","1B"
"860","topaj001","Topa","Justin","R","R","MIL","P"
"861","urenj001","Urena","Jose","R","R","MIL","P"
"862","urial001","Urias","Luis","R","R","MIL","2B"
"863","willd004","Williams","Devin","R","R","MIL","P"
"864","wongk001","Wong","Kolten","L","R","MIL","2B"
"865","woodb005","Woodruff","Brandon","L","R","MIL","P"
"866","yelic001","Yelich","Christian","L","R","MIL","OF"
"867","alcaj001","Alcala","Jorge","R","R","MIN","P"
"868","archc001","Archer","Chris","R","R","MIN","P"
"869","arral001","Arraez","Luis","L","R","MIN","2B"
"870","beckt001","Beckham","Tim","R","R","MIN","2B"
"871","bundd001","Bundy","Dylan","B","R","MIN","P"
"872","buxtb001","Buxton","Byron","R","R","MIN","OF"
"873","canoy001","Cano","Yennier","R","R","MIN","P"
"874","cavej001","Cave","Jake","L","L","MIN","OF"
"875","celeg001","Celestino","Gilberto","R","L","MIN","OF"
"876","contm001","Contreras","Mark","L","R","MIN","OF"
"877","corrc001","Correa","Carlos","R","R","MIN","SS"
"878","cottj001","Cotton","Jharel","R","R","MIN","P"
"879","could001","Coulombe","Danny","L","L","MIN","P"
"880","davia003","Davis","Austin","L","L","MIN","P"
"881","dufft001","Duffey","Tyler","R","R","MIN","P"
"882","duraj002","Duran","Jhoan","R","R","MIN","P"
"883","fulmm001","Fulmer","Michael","R","R","MIN","P"
"884","garlk001","Garlick","Kyle","R","R","MIN","OF"
"885","godoj001","Godoy","Jose","L","R","MIN","C"
"886","gonzc002","Gonzalez","Chi Chi","R","R","MIN","P"
"887","gordn001","Gordon","Nick","L","R","MIN","2B"
"888","grays001","Gray","Sonny","R","R","MIN","P"
"889","hamib001","Hamilton","Billy","R","R","MIN","OF"
"890","hamic001","Hamilton","Caleb","R","R","MIN","C"
"891","hamii001","Hamilton","Ian","R","R","MIN","P"
"892","henrr001","Henriquez","Ronny","R","R","MIN","P"
"893","jax-g001","Jax","Griffin","R","R","MIN","P"
"894","jeffr002","Jeffers","Ryan","R","R","MIN","C"
"895","keplm001","Kepler","Max","L","L","MIN","OF"
"896","kiria001","Kirilloff","Alex","L","L","MIN","OF"
"897","larnt001","Larnach","Trevor","L","R","MIN","OF"
"898","leons001","Leon","Sandy","B","R","MIN","C"
"899","lewir003","Lewis","Royce","R","R","MIN","SS"
"900","lopej004","Lopez","Jorge","R","R","MIN","P"
"901","mahlt001","Mahle","Tyler","R","R","MIN","P"
"902","megit001","Megill","Trevor","L","R","MIN","P"
"903","minaj001","Minaya","Juan","R","R","MIN","P"
"904","miraj002","Miranda","Jose","R","R","MIN","2B"
"905","moraj003","Moran","Jovani","L","L","MIN","P"
"906","oberb002","Ober","Bailey","R","R","MIN","P"
"907","paddc001","Paddack","Chris","R","R","MIN","P"
"908","pagae001","Pagan","Emilio","L","R","MIN","P"
"909","palaj002","Palacios","Jermaine","R","R","MIN","SS"
"910","polaj001","Polanco","Jorge","B","R","MIN","SS"
"911","rodrd001","Rodriguez","Dereck","R","R","MIN","P"
"912","romej003","Romero","Jhon","R","R","MIN","P"
"913","ryanj002","Ryan","Joe","R","R","MIN","P"
"914","sanca006","Sanchez","Aaron","R","R","MIN","P"
"915","sancg002","Sanchez","Gary","R","R","MIN","C"
"916","sandc001","Sands","Cole","R","R","MIN","P"
"917","sanom001","Sano","Miguel","R","R","MIN","1B"
"918","smeld001","Smeltzer","Devin","R","L","MIN","P"
"919","smitj002","Smith","Joe","R","R","MIN","P"
"920","stasc001","Stashak","Cody","R","R","MIN","P"
"921","thiec001","Thielbar","Caleb","R","L","MIN","P"
"922","thort001","Thornburg","Tyler","R","R","MIN","P"
"923","urshg001","Urshela","Gio","R","R","MIN","3B"
"924","varll001","Varland","Louie","L","R","MIN","P"
"925","wallm001","Wallner","Matt","L","R","MIN","OF"
"926","windj002","Winder","Josh","R","R","MIN","P"
"927","woods002","Woods Richardson","Simeon","R","R","MIN","P"
"928","abrea001","Abreu","Albert","R","R","NYA","P"
"929","andum001","Andujar","Miguel","R","R","NYA","3B"
"930","badeh001","Bader","Harrison","R","R","NYA","OF"
"931","banda001","Banda","Anthony","L","L","NYA","P"
"932","banum001","Banuelos","Manny","R","L","NYA","P"
"933","bardl001","Bard","Luke","R","R","NYA","P"
"934","barnj002","Barnes","Jacob","R","R","NYA","P"
"935","benia002","Benintendi","Andrew","L","L","NYA","OF"
"936","branr002","Brantly","Rob","L","R","NYA","C"
"937","britz001","Britton","Zack","L","L","NYA","P"
"938","cabro002","Cabrera","Oswaldo","B","R","NYA","SS"
"939","carpm002","Carpenter","Matt","L","R","NYA","3B"
"940","castm002","Castro","Miguel","R","R","NYA","P"
"941","chapa001","Chapman","Aroldis","L","L","NYA","P"
"942","coleg001","Cole","Gerrit","R","R","NYA","P"
"943","cortn001","Cortes","Nestor","R","L","NYA","P"
"944","donaj001","Donaldson","Josh","R","R","NYA","3B"
"945","effrs001","Effross","Scott","R","R","NYA","P"
"946","flore001","Florial","Estevan","L","R","NYA","OF"
"947","gallj002","Gallo","Joey","L","R","NYA","OF"
"948","germd001","German","Domingo","R","R","NYA","P"
"949","gil-l001","Gil","Luis","R","R","NYA","P"
"950","gonzc002","Gonzalez","Chi Chi","R","R","NYA","P"
"951","gonzm002","Gonzalez","Marwin","B","R","NYA","1B"
"952","greec003","Green","Chad","L","R","NYA","P"
"953","grees005","Greene","Shane","R","R","NYA","P"
"954","guzmr001","Guzman","Ronald","L","L","NYA","1B"
"955","hicka001","Hicks","Aaron","B","R","NYA","OF"
"956","higak001","Higashioka","Kyle","R","R","NYA","C"
"957","holmc001","Holmes","Clay","R","R","NYA","P"
"958","judga001","Judge","Aaron","R","R","NYA","OF"
"959","kinei001","Kiner-Falefa","Isiah","R","R","NYA","3B"
"960","kingm002","King","Michael","R","R","NYA","P"
"961","lemad001","LeMahieu","DJ","R","R","NYA","2B"
"962","loaij001","Loaisiga","Jonathan","R","R","NYA","P"
"963","locat001","Locastro","Tim","R","R","NYA","2B"
"964","luetl001","Luetge","Lucas","L","L","NYA","P"
"965","marir001","Marinaccio","Ron","R","R","NYA","P"
"966","mckad001","McKay","David","R","R","NYA","P"
"967","montf001","Montas","Frankie","R","R","NYA","P"
"968","montj004","Montgomery","Jordan","L","L","NYA","P"
"969","peraw002","Peralta","Wandy","L","L","NYA","P"
"970","perao002","Peraza","Oswald","R","R","NYA","SS"
"971","rizza001","Rizzo","Anthony","L","L","NYA","1B"
"972","schmc002","Schmidt","Clarke","R","R","NYA","P"
"973","searj001","Sears","JP","R","L","NYA","P"
"974","sevel001","Severino","Luis","R","R","NYA","P"
"975","stanm004","Stanton","Giancarlo","R","R","NYA","OF"
"976","tailj001","Taillon","Jameson","R","R","NYA","P"
"977","torrg001","Torres","Gleyber","R","R","NYA","2B"
"978","trevj001","Trevino","Jose","R","R","NYA","C"
"979","trivl001","Trivino","Lou","R","R","NYA","P"
"980","weber001","Weber","Ryan","R","R","NYA","P"
"981","weisg001","Weissert","Greg","R","R","NYA","P"
"982","alonp001","Alonso","Pete","R","R","NYN","1B"
"983","alvaf001","Alvarez","Francisco","R","R","NYN","C"
"984","alvar001","Alvarez","R. J.","R","R","NYN","P"
"985","bassc001","Bassitt","Chris","R","R","NYN","P"
"986","batyb001","Baty","Brett","L","R","NYN","3B"
"987","blant002","Blankenhorn","Travis","L","R","NYN","2B"
"988","buttj001","Butto","Jose","R","R","NYN","P"
"989","canhm001","Canha","Mark","R","R","NYN","1B"
"990","canor001","Cano","Robinson","L","R","NYN","2B"
"991","carrc003","Carrasco","Carlos","R","R","NYN","P"
"992","claua001","Claudio","Alex","L","L","NYN","P"
"993","clays001","Clay","Sam","L","L","NYN","P"
"994","davij006","Davis","J. D.","R","R","NYN","3B"
"995","diaze006","Diaz","Edwin","R","R","NYN","P"
"996","escoe001","Escobar","Eduardo","B","R","NYN","3B"
"997","fishn001","Fisher","Nate","L","L","NYN","P"
"998","givem001","Givens","Mychal","R","R","NYN","P"
"999","goret001","Gore","Terrance","R","R","NYN","OF"
"1000","guill001","Guillorme","Luis","L","R","NYN","SS"
"1001","holdc001","Holderman","Colin","R","R","NYN","P"
"1002","huntt002","Hunter","Tommy","R","R","NYN","P"
"1003","incie001","Inciarte","Ender","L","L","NYN","OF"
"1004","jankt001","Jankowski","Travis","L","R","NYN","OF"
"1005","lee-k001","Lee","Khalil","L","L","NYN","OF"
"1006","lindf001","Lindor","Francisco","B","R","NYN","SS"
"1007","lopey001","Lopez","Yoan","R","R","NYN","P"
"1008","lugos001","Lugo","Seth","R","R","NYN","P"
"1009","marrd001","Marrero","Deven","R","R","NYN","3B"
"1010","marts002","Marte","Starling","R","R","NYN","OF"
"1011","may-t001","May","Trevor","R","R","NYN","P"
"1012","mazep001","Mazeika","Patrick","L","R","NYN","C"
"1013","mccaj001","McCann","James","R","R","NYN","C"
"1014","mcnej002","McNeil","Jeff","L","R","NYN","2B"
"1015","media001","Medina","Adonis","R","R","NYN","P"
"1016","megit002","Megill","Tylor","R","R","NYN","P"
"1017","montb001","Montes de Oca","Bryce","R","R","NYN","P"
"1018","naqut001","Naquin","Tyler","L","R","NYN","OF"
"1019","nidot001","Nido","Tomas","R","R","NYN","C"
"1020","nimmb001","Nimmo","Brandon","L","R","NYN","OF"
"1021","nogos001","Nogosek","Stephen","R","R","NYN","P"
"1022","ottaa001","Ottavino","Adam","B","R","NYN","P"
"1023","perem005","Perez","Michael","L","R","NYN","C"
"1024","peted003","Peterson","David","L","L","NYN","P"
"1025","plumn001","Plummer","Nick","L","L","NYN","OF"
"1026","reedj005","Reed","Jake","R","R","NYN","P"
"1027","reids001","Reid-Foley","Sean","R","R","NYN","P"
"1028","reynm003","Reynolds","Matt","R","R","NYN","SS"
"1029","rodrj004","Rodriguez","Joely","L","L","NYN","P"
"1030","ruf-d001","Ruf","Darin","R","R","NYN","1B"
"1031","sancc001","Sanchez","Yolmer","B","R","NYN","2B"
"1032","schem001","Scherzer","Max","R","R","NYN","P"
"1033","shrec001","Shreve","Chasen","L","L","NYN","P"
"1034","smitd008","Smith","Dominic","L","L","NYN","1B"
"1035","smitd009","Smith","Drew","R","R","NYN","P"
"1036","szapt001","Szapucki","Thomas","R","L","NYN","P"
"1037","vienm001","Vientos","Mark","R","R","NYN","3B"
"1038","voged001","Vogelbach","Daniel","L","R","NYN","1B"
"1039","walkt004","Walker","Taijuan","R","R","NYN","P"
"1040","willt002","Williams","Trevor","R","R","NYN","P"
"1041","zastr001","Zastryzny","Rob","R","L","NYN","P"
"1042","degrj001","deGrom","Jacob","L","R","NYN","P"
"1043","acevd001","Acevedo","Domingo","R","R","OAK","P"
"1044","allea001","Allen","Austin","L","R","OAK","C"
"1045","allen002","Allen","Nick","R","R","OAK","SS"
"1046","andre001","Andrus","Elvis","R","R","OAK","SS"
"1047","barrl001","Barrera","Luis","L","L","OAK","OF"
"1048","bethc001","Bethancourt","Christian","R","R","OAK","1B"
"1049","blacp001","Blackburn","Paul","R","R","OAK","P"
"1050","bolts001","Bolt","Skye","B","R","OAK","OF"
"1051","bridj001","Bride","Jonah","R","R","OAK","1B"
"1052","brows003","Brown","Seth","L","L","OAK","1B"
"1053","capec001","Capel","Conner","L","L","OAK","OF"
"1054","castr005","Castellani","Ryan","R","R","OAK","P"
"1055","cleme002","Clement","Ernie","R","R","OAK","2B"
"1056","cyr-t001","Cyr","Tyler","R","R","OAK","P"
"1057","davim005","Davidson","Matt","R","R","OAK","3B"
"1058","diazj008","Diaz","Jordan","R","R","OAK","3B"
"1059","garcd004","Garcia","Dermis","R","R","OAK","1B"
"1060","grimj002","Grimm","Justin","R","R","OAK","P"
"1061","irvic001","Irvin","Cole","L","L","OAK","P"
"1062","jackd004","Jackson","Drew","R","R","OAK","SS"
"1063","jackz002","Jackson","Zach","R","R","OAK","P"
"1064","jeffd001","Jefferies","Daulton","L","R","OAK","P"
"1065","jimed002","Jimenez","Dany","R","R","OAK","P"
"1066","kaprj001","Kaprielian","James","R","R","OAK","P"
"1067","kempt001","Kemp","Tony","L","R","OAK","OF"
"1068","koenj001","Koenig","Jared","R","L","OAK","P"
"1069","kolaa001","Kolarek","Adam","L","L","OAK","P"
"1070","langs001","Langeliers","Shea","R","R","OAK","C"
"1071","laurr001","Laureano","Ramon","R","R","OAK","OF"
"1072","lemoj001","Lemoine","Jacob","R","R","OAK","P"
"1073","loguz001","Logue","Zach","L","L","OAK","P"
"1074","lopec001","Lopes","Christian","R","R","OAK","2B"
"1075","lowrj001","Lowrie","Jed","B","R","OAK","3B"
"1076","mackd001","MacKinnon","David","R","R","OAK","1B"
"1077","machv001","Machin","Vimael","L","R","OAK","2B"
"1078","markp001","Markel","Parker","R","R","OAK","P"
"1079","marta006","Martinez","Adrian","R","R","OAK","P"
"1080","mcdom002","McDonald","Mickey","L","R","OAK","OF"
"1081","mckad001","McKay","David","R","R","OAK","P"
"1082","mckib001","McKinney","Billy","L","L","OAK","OF"
"1083","molls001","Moll","Sam","L","L","OAK","P"
"1084","mondn001","Mondou","Nate","L","R","OAK","2B"
"1085","montf001","Montas","Frankie","R","R","OAK","P"
"1086","murps001","Murphy","Sean","R","R","OAK","C"
"1087","neuss001","Neuse","Sheldon","R","R","OAK","3B"
"1088","ollea001","Oller","Adam","R","R","OAK","P"
"1089","pachc001","Pache","Cristian","R","R","OAK","OF"
"1090","payaj001","Payamps","Joel","R","R","OAK","P"
"1091","pindc001","Pinder","Chad","R","R","OAK","SS"
"1092","piscs001","Piscotty","Stephen","R","R","OAK","OF"
"1093","pruia001","Pruitt","Austin","R","R","OAK","P"
"1094","puk-a001","Puk","A. J.","L","L","OAK","P"
"1095","ruizn001","Ruiz","Norge","R","R","OAK","P"
"1096","searj001","Sears","JP","R","L","OAK","P"
"1097","selms001","Selman","Sam","R","L","OAK","P"
"1098","smitk003","Smith","Kevin","R","R","OAK","SS"
"1099","sneak001","Snead","Kirby","L","L","OAK","P"
"1100","stevc001","Stevenson","Cal","L","L","OAK","OF"
"1101","tapid001","Tapia","Domingo","R","R","OAK","P"
"1102","thomc003","Thomas","Cody","L","R","OAK","OF"
"1103","trivl001","Trivino","Lou","R","R","OAK","P"
"1104","vogts001","Vogt","Stephen","L","R","OAK","C"
"1105","waldk003","Waldichuk","Ken","L","L","OAK","P"
"1106","wilec001","Wiles","Collin","R","R","OAK","P"
"1107","alvaj004","Alvarado","Jose","L","L","PHI","P"
"1108","appem001","Appel","Mark","R","R","PHI","P"
"1109","bella001","Bellatti","Andrew","R","R","PHI","P"
"1110","bohma001","Bohm","Alec","R","R","PHI","3B"
"1111","brogc001","Brogdon","Connor","R","R","PHI","P"
"1112","camaj001","Camargo","Johan","B","R","PHI","SS"
"1113","castn001","Castellanos","Nick","R","R","PHI","3B"
"1114","coons001","Coonrod","Sam","R","R","PHI","P"
"1115","cyr-t001","Cyr","Tyler","R","R","PHI","P"
"1116","devec001","Devenski","Chris","R","R","PHI","P"
"1117","domis001","Dominguez","Seranthony","R","R","PHI","P"
"1118","duron001","Duron","Nick","R","R","PHI","P"
"1119","efliz001","Eflin","Zach","R","R","PHI","P"
"1120","faltb001","Falter","Bailey","R","L","PHI","P"
"1121","famij001","Familia","Jeurys","R","R","PHI","P"
"1122","gibsk002","Gibson","Kyle","R","R","PHI","P"
"1123","gregd001","Gregorius","Didi","L","R","PHI","SS"
"1124","guthd001","Guthrie","Dalton","R","R","PHI","3B"
"1125","halld003","Hall","Darick","L","R","PHI","1B"
"1126","handb001","Hand","Brad","L","L","PHI","P"
"1127","harpb003","Harper","Bryce","L","R","PHI","OF"
"1128","herro001","Herrera","Odubel","L","R","PHI","OF"
"1129","hoskr001","Hoskins","Rhys","R","R","PHI","1B"
"1130","joned003","Jones","Damon","L","L","PHI","P"
"1131","kellm004","Kelly","Michael","R","R","PHI","P"
"1132","kings001","Kingery","Scott","R","R","PHI","2B"
"1133","knebc001","Knebel","Corey","R","R","PHI","P"
"1134","marsb002","Marsh","Brandon","L","R","PHI","OF"
"1135","maton001","Maton","Nick","L","R","PHI","SS"
"1136","merco003","Mercado","Oscar","R","R","PHI","OF"
"1137","monim001","Moniak","Mickey","L","R","PHI","OF"
"1138","moraf002","Morales","Francisco","R","R","PHI","P"
"1139","munoy001","Munoz","Yairo","R","R","PHI","SS"
"1140","muzzs001","Muzziotti","Simon","L","L","PHI","OF"
"1141","nelsn001","Nelson","Nick","R","R","PHI","P"
"1142","nittv001","Nittoli","Vinny","R","R","PHI","P"
"1143","nolaa001","Nola","Aaron","R","R","PHI","P"
"1144","norwj001","Norwood","James","R","R","PHI","P"
"1145","plasm001","Plassmeyer","Michael","L","L","PHI","P"
"1146","quinr003","Quinn","Roman","B","R","PHI","OF"
"1147","realj001","Realmuto","J. T.","R","R","PHI","C"
"1148","robed002","Robertson","David","R","R","PHI","P"
"1149","romej002","Romero","JoJo","L","L","PHI","P"
"1150","rossb001","Rossman","Bubby","B","R","PHI","P"
"1151","sancc002","Sanchez","Cristopher","L","L","PHI","P"
"1152","sandd004","Sands","Donny","R","R","PHI","C"
"1153","schwk001","Schwarber","Kyle","L","R","PHI","OF"
"1154","seguj002","Segura","Jean","R","R","PHI","SS"
"1155","sosae001","Sosa","Edmundo","R","R","PHI","SS"
"1156","stotb001","Stott","Bryson","L","R","PHI","SS"
"1157","stubg001","Stubbs","Garrett","L","R","PHI","C"
"1158","suarr001","Suarez","Ranger","L","L","PHI","P"
"1159","syndn001","Syndergaard","Noah","L","R","PHI","P"
"1160","vierm001","Vierling","Matt","R","R","PHI","OF"
"1161","wheez001","Wheeler","Zack","L","R","PHI","P"
"1162","zimmb001","Zimmer","Bradley","L","R","PHI","OF"
"1163","alfoa002","Alford","Anthony","R","R","PIT","OF"
"1164","alldc001","Alldred","Cam","L","L","PIT","P"
"1165","alleg002","Allen","Greg","B","R","PIT","OF"
"1166","andum001","Andujar","Miguel","R","R","PIT","3B"
"1167","bae-j001","Bae","Ji Hwan","L","R","PIT","2B"
"1168","banda001","Banda","Anthony","L","L","PIT","P"
"1169","banum001","Banuelos","Manny","R","L","PIT","P"
"1170","bednd001","Bednar","David","L","R","PIT","P"
"1171","beedt001","Beede","Tyler","R","R","PIT","P"
"1172","brica001","Brice","Austin","R","R","PIT","P"
"1173","brubj001","Brubaker","JT","R","R","PIT","P"
"1174","castd004","Castillo","Diego","R","R","PIT","3B"
"1175","castr006","Castro","Rodolfo","B","R","PIT","2B"
"1176","chany001","Chang","Yu","R","R","PIT","SS"
"1177","chavm001","Chavis","Michael","R","R","PIT","3B"
"1178","collz001","Collins","Zack","L","R","PIT","C"
"1179","contr001","Contreras","Roansy","R","R","PIT","P"
"1180","croww001","Crowe","Wil","R","R","PIT","P"
"1181","cruzo001","Cruz","Oneil","L","R","PIT","SS"
"1182","dejoc001","De Jong","Chase","L","R","PIT","P"
"1183","deloy001","De Los Santos","Yerry","R","R","PIT","P"
"1184","delaj004","Delay","Jason","R","R","PIT","C"
"1185","eickj001","Eickhoff","Jerad","R","R","PIT","P"
"1186","fernj006","Fernandez","Junior","R","R","PIT","P"
"1187","fleta001","Fletcher","Aaron","L","L","PIT","P"
"1188","gameb001","Gamel","Ben","L","L","PIT","OF"
"1189","godoj001","Godoy","Jose","L","R","PIT","C"
"1190","hayek001","Hayes","Ke`Bryan","R","R","PIT","3B"
"1191","heint001","Heineman","Tyler","B","R","PIT","C"
"1192","hembh001","Hembree","Heath","R","R","PIT","P"
"1193","holdc001","Holderman","Colin","R","R","PIT","P"
"1194","howas002","Howard","Sam","R","L","PIT","P"
"1195","kellm003","Keller","Mitch","R","R","PIT","P"
"1196","knapa001","Knapp","Andrew","B","R","PIT","C"
"1197","kranm001","Kranick","Max","R","R","PIT","P"
"1198","madrb002","Madris","Bligh","L","R","PIT","OF"
"1199","marct001","Marcano","Tucupita","L","R","PIT","3B"
"1200","marij002","Marisnick","Jake","R","R","PIT","OF"
"1201","mearn001","Mears","Nick","R","R","PIT","P"
"1202","mitcc002","Mitchell","Cal","L","L","PIT","OF"
"1203","newmk001","Newman","Kevin","R","R","PIT","2B"
"1204","ortil003","Ortiz","Luis","R","R","PIT","P"
"1205","oviej001","Oviedo","Johan","R","R","PIT","P"
"1206","padlk001","Padlo","Kevin","R","R","PIT","3B"
"1207","parkh001","Park","Hoy","L","R","PIT","OF"
"1208","pegul001","Peguero","Liover","R","R","PIT","SS"
"1209","perem005","Perez","Michael","L","R","PIT","C"
"1210","perer003","Perez","Roberto","R","R","PIT","C"
"1211","peted001","Peters","Dillon","L","L","PIT","P"
"1212","quinj001","Quintana","Jose","R","L","PIT","P"
"1213","ramiy002","Ramirez","Yohan","R","R","PIT","P"
"1214","reynb001","Reynolds","Bryan","B","R","PIT","OF"
"1215","smitc008","Smith-Njigba","Canaan","L","R","PIT","OF"
"1216","stepr002","Stephenson","Robert","R","R","PIT","P"
"1217","stoue001","Stout","Eric","L","L","PIT","P"
"1218","strac001","Stratton","Chris","R","R","PIT","P"
"1219","sulsb001","Sulser","Beau","R","R","PIT","P"
"1220","suwij001","Suwinski","Jack","L","L","PIT","OF"
"1221","swagt001","Swaggerty","Travis","L","L","PIT","OF"
"1222","thomz001","Thompson","Zach","R","R","PIT","P"
"1223","tsuty001","Tsutsugo","Yoshi","L","R","PIT","OF"
"1224","tuckc001","Tucker","Cole","B","R","PIT","SS"
"1225","unded001","Underwood","Duane","R","R","PIT","P"
"1226","vanmj001","VanMeter","Josh","L","R","PIT","2B"
"1227","vieac001","Vieaux","Cam","L","L","PIT","P"
"1228","voged001","Vogelbach","Daniel","L","R","PIT","1B"
"1229","wilsb003","Wilson","Bryse","R","R","PIT","P"
"1230","yajum001","Yajure","Miguel","R","R","PIT","P"
"1231","abrac001","Abrams","CJ","L","R","SDN","SS"
"1232","adama002","Adams","Austin","R","R","SDN","P"
"1233","alcas002","Alcantara","Sergio","B","R","SDN","SS"
"1234","alfaj002","Alfaro","Jorge","R","R","SDN","C"
"1235","avilp001","Avila","Pedro","R","R","SDN","P"
"1236","azocj001","Azocar","Jose","R","R","SDN","OF"
"1237","baezm001","Baez","Michel","R","R","SDN","P"
"1238","battm001","Batten","Matthew","R","R","SDN","2B"
"1239","beatm001","Beaty","Matt","L","R","SDN","1B"
"1240","bellj005","Bell","Josh","B","R","SDN","1B"
"1241","campl002","Campusano","Luis","R","R","SDN","C"
"1242","canor001","Cano","Robinson","L","R","SDN","2B"
"1243","castj007","Castillo","Jose","L","L","SDN","P"
"1244","clevm001","Clevinger","Mike","R","R","SDN","P"
"1245","crisn001","Crismatt","Nabil","R","R","SDN","P"
"1246","cronj001","Cronenworth","Jake","L","R","SDN","SS"
"1247","darvy001","Darvish","Yu","R","R","SDN","P"
"1248","dixob001","Dixon","Brandon","R","R","SDN","OF"
"1249","drurb001","Drury","Brandon","R","R","SDN","3B"
"1250","garcl005","Garcia","Luis","R","R","SDN","P"
"1251","gorem001","Gore","MacKenzie","L","L","SDN","P"
"1252","grist001","Grisham","Trent","L","L","SDN","OF"
"1253","guerj004","Guerra","Javy","L","R","SDN","SS"
"1254","hadej001","Hader","Josh","L","L","SDN","P"
"1255","hillt002","Hill","Tim","R","L","SDN","P"
"1256","hosme001","Hosmer","Eric","L","L","SDN","1B"
"1257","johnp001","Johnson","Pierce","R","R","SDN","P"
"1258","kerrr001","Kerr","Ray","L","L","SDN","P"
"1259","kim-h002","Kim","Ha-Seong","R","R","SDN","SS"
"1260","knehr001","Knehr","Reiss","L","R","SDN","P"
"1261","lamed001","Lamet","Dinelson","R","R","SDN","P"
"1262","libel001","Liberato","Luis","L","L","SDN","OF"
"1263","machm001","Machado","Manny","R","R","SDN","3B"
"1264","manas001","Manaea","Sean","R","L","SDN","P"
"1265","martn002","Martinez","Nick","L","R","SDN","P"
"1266","mazan001","Mazara","Nomar","L","L","SDN","OF"
"1267","morea001","Morejon","Adrian","L","L","SDN","P"
"1268","musgj001","Musgrove","Joe","R","R","SDN","P"
"1269","myerw001","Myers","Wil","R","R","SDN","OF"
"1270","nolaa002","Nola","Austin","R","R","SDN","1B"
"1271","profj001","Profar","Jurickson","B","R","SDN","2B"
"1272","roget001","Rogers","Taylor","L","L","SDN","P"
"1273","rookb001","Rooker","Brent","R","R","SDN","OF"
"1274","rosae002","Rosario","Eguy","R","R","SDN","2B"
"1275","ruize001","Ruiz","Esteury","R","R","SDN","OF"
"1276","scott004","Scott","Tayler","R","R","SDN","P"
"1277","snelb001","Snell","Blake","L","L","SDN","P"
"1278","sotoj001","Soto","Juan","L","L","SDN","OF"
"1279","stamc001","Stammen","Craig","R","R","SDN","P"
"1280","suarr002","Suarez","Robert","R","R","SDN","P"
"1281","thomt002","Thompson","Trayce","R","R","SDN","OF"
"1282","tylek001","Tyler","Kyle","R","R","SDN","P"
"1283","voitl001","Voit","Luke","R","R","SDN","1B"
"1284","weatr001","Weathers","Ryan","R","L","SDN","P"
"1285","wilss002","Wilson","Steven","R","R","SDN","P"
"1286","bernb001","Bernardino","Brennan","L","L","SEA","P"
"1287","borur001","Borucki","Ryan","L","L","SEA","P"
"1288","boydm001","Boyd","Matt","L","L","SEA","P"
"1289","brasm001","Brash","Matt","R","R","SEA","P"
"1290","casac001","Casali","Curt","R","R","SEA","C"
"1291","castd002","Castillo","Diego","R","R","SEA","P"
"1292","castl003","Castillo","Luis","R","R","SEA","P"
"1293","crawj002","Crawford","J. P.","L","R","SEA","SS"
"1294","eliar001","Elias","Roenis","L","L","SEA","P"
"1295","ellid002","Ellis","Drew","R","R","SEA","3B"
"1296","fairs001","Fairchild","Stuart","R","R","SEA","OF"
"1297","festm001","Festa","Matthew","R","R","SEA","P"
"1298","flexc001","Flexen","Chris","R","R","SEA","P"
"1299","fordm002","Ford","Mike","L","R","SEA","1B"
"1300","frant002","France","Ty","R","R","SEA","3B"
"1301","fraza001","Frazier","Adam","L","R","SEA","1B"
"1302","gilbl002","Gilbert","Logan","R","R","SEA","P"
"1303","gilek001","Giles","Ken","R","R","SEA","P"
"1304","gonzm005","Gonzales","Marco","L","L","SEA","P"
"1305","haggs001","Haggerty","Sam","B","R","SEA","2B"
"1306","hanim001","Haniger","Mitch","R","R","SEA","OF"
"1307","jankt001","Jankowski","Travis","L","R","SEA","OF"
"1308","kelej001","Kelenic","Jarred","L","L","SEA","OF"
"1309","kirbg001","Kirby","George","R","R","SEA","P"
"1310","knapa001","Knapp","Andrew","B","R","SEA","C"
"1311","kochm001","Koch","Matt","L","R","SEA","P"
"1312","lambj001","Lamb","Jake","L","R","SEA","3B"
"1313","larsj001","Larsen","Jack","L","L","SEA","OF"
"1314","lewik001","Lewis","Kyle","R","R","SEA","OF"
"1315","millw002","Mills","Wyatt","R","R","SEA","P"
"1316","milot001","Milone","Tommy","L","L","SEA","P"
"1317","misia001","Misiewicz","Anthony","R","L","SEA","P"
"1318","moord002","Moore","Dylan","R","R","SEA","3B"
"1319","munoa002","Munoz","Andres","R","R","SEA","P"
"1320","murfp001","Murfee","Penn","R","R","SEA","P"
"1321","murpt002","Murphy","Tom","R","R","SEA","C"
"1322","obrir001","O`Brien","Riley","R","R","SEA","P"
"1323","okeeb001","O`Keefe","Brian","R","R","SEA","C"
"1324","padlk001","Padlo","Kevin","R","R","SEA","3B"
"1325","ralec001","Raleigh","Cal","B","R","SEA","C"
"1326","ramiy002","Ramirez","Yohan","R","R","SEA","P"
"1327","ray-r002","Ray","Robbie","L","L","SEA","P"
"1328","rodrj007","Rodriguez","Julio","R","R","SEA","OF"
"1329","romos001","Romo","Sergio","R","R","SEA","P"
"1330","santc002","Santana","Carlos","B","R","SEA","1B"
"1331","sewap001","Sewald","Paul","R","R","SEA","P"
"1332","shefj001","Sheffield","Justus","L","L","SEA","P"
"1333","souzs001","Souza","Steven","R","R","SEA","OF"
"1334","stecd001","Steckenrider","Drew","R","R","SEA","P"
"1335","suare001","Suarez","Eugenio","R","R","SEA","SS"
"1336","swane001","Swanson","Erik","R","R","SEA","P"
"1337","toroa001","Toro","Abraham","B","R","SEA","3B"
"1338","torrl001","Torrens","Luis","R","R","SEA","C"
"1339","tramt001","Trammell","Taylor","L","L","SEA","OF"
"1340","uptoj001","Upton","Justin","R","R","SEA","OF"
"1341","waltd002","Walton","Donovan","L","R","SEA","2B"
"1342","wilsm003","Wilson","Marcus","R","R","SEA","OF"
"1343","winkj002","Winker","Jesse","L","L","SEA","P"
"1344","yound005","Young","Danny","L","L","SEA","P"
"1345","alexs001","Alexander","Scott","L","L","SFN","P"
"1346","alvaj003","Alvarez","Jose","L","L","SFN","P"
"1347","bartj003","Bart","Joey","R","R","SFN","C"
"1348","beedt001","Beede","Tyler","R","R","SFN","P"
"1349","beltb001","Belt","Brandon","L","L","SFN","1B"
"1350","brebj001","Brebbia","John","L","R","SFN","P"
"1351","brinl001","Brinson","Lewis","R","R","SFN","OF"
"1352","calhw001","Calhoun","Willie","L","R","SFN","OF"
"1353","casac001","Casali","Curt","R","R","SFN","C"
"1354","castk002","Castro","Kervin","R","R","SFN","P"
"1355","cobba001","Cobb","Alex","R","R","SFN","P"
"1356","cottj001","Cotton","Jharel","R","R","SFN","P"
"1357","crawb001","Crawford","Brandon","L","R","SFN","SS"
"1358","davij006","Davis","J. D.","R","R","SFN","3B"
"1359","desca001","DeSclafani","Anthony","R","R","SFN","P"
"1360","deana001","Dean","Austin","R","R","SFN","OF"
"1361","dovac001","Doval","Camilo","R","R","SFN","P"
"1362","dubom001","Dubon","Mauricio","R","R","SFN","SS"
"1363","duggs001","Duggar","Steven","L","R","SFN","OF"
"1364","estrt001","Estrada","Thairo","R","R","SFN","SS"
"1365","fairs001","Fairchild","Stuart","R","R","SFN","OF"
"1366","florw001","Flores","Wilmer","R","R","SFN","SS"
"1367","fordm002","Ford","Mike","L","R","SFN","1B"
"1368","garcj006","Garcia","Jarlin","L","L","SFN","P"
"1369","gonzl005","Gonzalez","Luis","L","L","SFN","OF"
"1370","hjels001","Hjelle","Sean","R","R","SFN","P"
"1371","johnb005","Johnson","Bryce","B","R","SFN","OF"
"1372","junij001","Junis","Jakob","R","R","SFN","P"
"1373","knapa001","Knapp","Andrew","B","R","SFN","C"
"1374","krizj001","Krizan","Jason","L","R","SFN","OF"
"1375","lastt001","La Stella","Tommy","L","R","SFN","2B"
"1376","leond003","Leone","Dominic","R","R","SFN","P"
"1377","littz001","Littell","Zack","R","R","SFN","P"
"1378","llovm001","Llovera","Mauricio","R","R","SFN","P"
"1379","longs002","Long","Sam","L","L","SFN","P"
"1380","longe001","Longoria","Evan","R","R","SFN","3B"
"1381","machd001","Machado","Dixon","R","R","SFN","SS"
"1382","marty001","Marte","Yunior","R","R","SFN","P"
"1383","mcgej001","McGee","Jake","L","L","SFN","P"
"1384","mercy001","Mercedes","Yermin","R","R","SFN","C"
"1385","mills001","Miller","Shelby","R","R","SFN","P"
"1386","ortil002","Ortiz","Luis","R","R","SFN","P"
"1387","padlk001","Padlo","Kevin","R","R","SFN","3B"
"1388","papim001","Papierski","Michael","B","R","SFN","C"
"1389","pedej001","Pederson","Joc","L","L","SFN","OF"
"1390","procf001","Proctor","Ford","L","R","SFN","C"
"1391","ramoh002","Ramos","Heliot","R","R","SFN","OF"
"1392","rodoc001","Rodon","Carlos","L","L","SFN","P"
"1393","roget002","Rogers","Tyler","R","R","SFN","P"
"1394","ruf-d001","Ruf","Darin","R","R","SFN","1B"
"1395","santg001","Santos","Gregory","R","R","SFN","P"
"1396","slata001","Slater","Austin","R","R","SFN","OF"
"1397","szapt001","Szapucki","Thomas","R","L","SFN","P"
"1398","tom-k001","Tom","Ka`ai","L","R","SFN","OF"
"1399","vasqa002","Vasquez","Andrew","L","L","SFN","P"
"1400","villd001","Villar","David","R","R","SFN","3B"
"1401","voslj001","Vosler","Jason","L","R","SFN","3B"
"1402","wadel001","Wade","LaMonte","L","L","SFN","OF"
"1403","waitc001","Waites","Cole","R","R","SFN","P"
"1404","waltd002","Walton","Donovan","L","R","SFN","2B"
"1405","webbl001","Webb","Logan","R","R","SFN","P"
"1406","willl001","Williams","Luke","R","R","SFN","3B"
"1407","wooda002","Wood","Alex","R","L","SFN","P"
"1408","wynna001","Wynns","Austin","R","R","SFN","P"
"1409","yastm001","Yastrzemski","Mike","L","L","SFN","OF"
"1410","youna002","Young","Alex","L","L","SFN","P"
"1411","arenn001","Arenado","Nolan","R","R","SLN","3B"
"1412","badeh001","Bader","Harrison","R","R","SLN","OF"
"1413","brooa001","Brooks","Aaron","R","R","SLN","P"
"1414","burla001","Burleson","Alec","L","L","SLN","OF"
"1415","cabrg001","Cabrera","Genesis","L","L","SLN","P"
"1416","capec001","Capel","Conner","L","L","SLN","OF"
"1417","carld002","Carlson","Dylan","B","L","SLN","OF"
"1418","dejop001","DeJong","Paul","R","R","SLN","3B"
"1419","delub001","DeLuzio","Ben","R","R","SLN","OF"
"1420","dickc002","Dickerson","Corey","L","R","SLN","OF"
"1421","donob001","Donovan","Brendan","L","R","SLN","2B"
"1422","edmat001","Edman","Tommy","B","R","SLN","SS"
"1423","fernj006","Fernandez","Junior","R","R","SLN","P"
"1424","flahj002","Flaherty","Jack","R","R","SLN","P"
"1425","gallg001","Gallegos","Giovanny","R","R","SLN","P"
"1426","goldp001","Goldschmidt","Paul","R","R","SLN","1B"
"1427","gormn001","Gorman","Nolan","L","R","SLN","2B"
"1428","helsr001","Helsley","Ryan","R","R","SLN","P"
"1429","herri001","Herrera","Ivan","R","R","SLN","C"
"1430","hickj002","Hicks","Jordan","R","R","SLN","P"
"1431","hudsd002","Hudson","Dakota","R","R","SLN","P"
"1432","kniza001","Knizner","Andrew","R","R","SLN","C"
"1433","libem001","Liberatore","Matthew","L","L","SLN","P"
"1434","matzs001","Matz","Steven","R","L","SLN","P"
"1435","mcfat001","McFarland","T. J.","L","L","SLN","P"
"1436","mikom001","Mikolas","Miles","R","R","SLN","P"
"1437","moliy001","Molina","Yadier","R","R","SLN","C"
"1438","montj004","Montgomery","Jordan","L","L","SLN","P"
"1439","nailj001","Naile","James","R","R","SLN","P"
"1440","naugp001","Naughton","Packy","R","L","SLN","P"
"1441","nootl001","Nootbaar","Lars","L","R","SLN","OF"
"1442","oneit001","O`Neill","Tyler","R","R","SLN","OF"
"1443","oviej001","Oviedo","Johan","R","R","SLN","P"
"1444","palla001","Pallante","Andre","R","R","SLN","P"
"1445","pujoa001","Pujols","Albert","R","R","SLN","1B"
"1446","quinj001","Quintana","Jose","R","L","SLN","P"
"1447","robek003","Robertson","Kramer","R","R","SLN","2B"
"1448","romej002","Romero","JoJo","L","L","SLN","P"
"1449","romia002","Romine","Austin","R","R","SLN","C"
"1450","ronda001","Rondon","Angel","R","R","SLN","P"
"1451","sosae001","Sosa","Edmundo","R","R","SLN","SS"
"1452","spanc001","Spangenberg","Cory","L","R","SLN","2B"
"1453","strac001","Stratton","Chris","R","R","SLN","P"
"1454","thomz002","Thompson","Zack","L","L","SLN","P"
"1455","verhd001","VerHagen","Drew","R","R","SLN","P"
"1456","waina001","Wainwright","Adam","R","R","SLN","P"
"1457","walsj002","Walsh","Jake","R","R","SLN","P"
"1458","whitk001","Whitley","Kodi","R","R","SLN","P"
"1459","wittn001","Wittgren","Nick","R","R","SLN","P"
"1460","woodj003","Woodford","Jake","R","R","SLN","P"
"1461","yepej001","Yepez","Juan","R","R","SLN","1B"
"1462","adamj002","Adam","Jason","R","R","TBA","P"
"1463","aranj001","Aranda","Jonathan","L","R","TBA","2B"
"1464","armss001","Armstrong","Shawn","R","R","TBA","P"
"1465","arozr001","Arozarena","Randy","R","R","TBA","OF"
"1466","bardl001","Bard","Luke","R","R","TBA","P"
"1467","baz-s001","Baz","Shane","R","R","TBA","P"
"1468","beekj001","Beeks","Jalen","L","L","TBA","P"
"1469","bethc001","Bethancourt","Christian","R","R","TBA","C"
"1470","brujv001","Brujan","Vidal","B","R","TBA","OF"
"1471","chany001","Chang","Yu","R","R","TBA","SS"
"1472","charj001","Chargois","J. T.","B","R","TBA","P"
"1473","chiry001","Chirinos","Yonny","R","R","TBA","P"
"1474","choij001","Choi","Ji-Man","L","R","TBA","OF"
"1475","cleag001","Cleavinger","Garrett","R","L","TBA","P"
"1476","crisc002","Criswell","Cooper","R","R","TBA","P"
"1477","diazy001","Diaz","Yandy","R","R","TBA","OF"
"1478","duggr001","Dugger","Robert","R","R","TBA","P"
"1479","fairp001","Fairbanks","Pete","R","R","TBA","P"
"1480","faucc001","Faucher","Calvin","R","R","TBA","P"
"1481","feyej001","Feyereisen","J. P.","R","R","TBA","P"
"1482","flemj001","Fleming","Josh","L","L","TBA","P"
"1483","franw002","Franco","Wander","B","R","TBA","3B"
"1484","garzr001","Garza","Ralph","R","R","TBA","P"
"1485","glast001","Glasnow","Tyler","L","R","TBA","P"
"1486","guerj004","Guerra","Javy","L","R","TBA","SS"
"1487","hergk001","Herget","Kevin","L","R","TBA","P"
"1488","kierk001","Kiermaier","Kevin","L","R","TBA","OF"
"1489","kitta001","Kittredge","Andrew","R","R","TBA","P"
"1490","klubc001","Kluber","Corey","R","R","TBA","P"
"1491","knigd001","Knight","Dusten","R","R","TBA","P"
"1492","loweb001","Lowe","Brandon","L","R","TBA","2B"
"1493","lowej002","Lowe","Josh","L","R","TBA","OF"
"1494","margm001","Margot","Manuel","R","R","TBA","OF"
"1495","mastm001","Mastrobuoni","Miles","L","R","TBA","2B"
"1496","mazzc002","Mazza","Chris","R","R","TBA","P"
"1497","mccls003","McClanahan","Shane","L","L","TBA","P"
"1498","mcgee001","McGee","Easton","R","R","TBA","P"
"1499","mckad001","McKay","David","R","R","TBA","P"
"1500","mejif001","Mejia","Francisco","B","R","TBA","C"
"1501","oganc001","Ogando","Cristofer","R","R","TBA","P"
"1502","parei001","Paredes","Isaac","R","R","TBA","3B"
"1503","patil001","Patino","Luis","R","R","TBA","P"
"1504","perad001","Peralta","David","L","L","TBA","OF"
"1505","philb002","Phillips","Brett","L","R","TBA","OF"
"1506","pintr003","Pinto","Rene","R","R","TBA","C"
"1507","pochc001","Poche","Colin","L","L","TBA","P"
"1508","quinr003","Quinn","Roman","B","R","TBA","OF"
"1509","raleb001","Raley","Brooks","L","L","TBA","P"
"1510","ralel001","Raley","Luke","L","R","TBA","OF"
"1511","ramih004","Ramirez","Harold","R","R","TBA","OF"
"1512","rasmd002","Rasmussen","Drew","R","R","TBA","P"
"1513","romet001","Romero","Tommy","R","R","TBA","P"
"1514","sandp003","Sanders","Phoenix","R","R","TBA","P"
"1515","sirij001","Siri","Jose","R","R","TBA","OF"
"1516","sprij001","Springs","Jeffrey","L","L","TBA","P"
"1517","thomr007","Thompson","Ryan","R","R","TBA","P"
"1518","wallt003","Walls","Taylor","B","R","TBA","SS"
"1519","wislm001","Wisler","Matt","R","R","TBA","P"
"1520","yacaj001","Yacabonis","Jimmy","R","R","TBA","P"
"1521","yarbr001","Yarbrough","Ryan","R","L","TBA","P"
"1522","zunim001","Zunino","Mike","R","R","TBA","C"
"1523","abrea001","Abreu","Albert","R","R","TEX","P"
"1524","alexa001","Alexy","A. J.","R","R","TEX","P"
"1525","allak001","Allard","Kolby","L","L","TEX","P"
"1526","arihk001","Arihara","Kohei","R","R","TEX","P"
"1527","barlj001","Barlow","Joe","R","R","TEX","P"
"1528","burkb001","Burke","Brock","L","L","TEX","P"
"1529","bushm001","Bush","Matt","R","R","TEX","P"
"1530","calhk001","Calhoun","Kole","L","L","TEX","OF"
"1531","calhw001","Calhoun","Willie","L","R","TEX","OF"
"1532","culbc001","Culberson","Charlie","R","R","TEX","3B"
"1533","duggs001","Duggar","Steven","L","R","TEX","OF"
"1534","dunnd001","Dunning","Dane","R","R","TEX","P"
"1535","durae002","Duran","Ezequiel","R","R","TEX","2B"
"1536","garca005","Garcia","Adolis","R","R","TEX","OF"
"1537","garvm001","Garver","Mitch","R","R","TEX","C"
"1538","grayj003","Gray","Jon","R","R","TEX","P"
"1539","heart001","Hearn","Taylor","L","L","TEX","P"
"1540","heimj001","Heim","Jonah","B","R","TEX","C"
"1541","herne003","Hernandez","Elier","R","R","TEX","OF"
"1542","hernj004","Hernandez","Jonathan","R","R","TEX","P"
"1543","hollg001","Holland","Greg","R","R","TEX","P"
"1544","howas003","Howard","Spencer","R","R","TEX","P"
"1545","huffs001","Huff","Sam","R","R","TEX","C"
"1546","ibana001","Ibanez","Andy","R","R","TEX","3B"
"1547","jungj001","Jung","Josh","R","R","TEX","3B"
"1548","keucd001","Keuchel","Dallas","L","L","TEX","P"
"1549","kingj002","King","John","L","L","TEX","P"
"1550","leclj001","Leclerc","Jose","R","R","TEX","P"
"1551","lowen001","Lowe","Nathaniel","L","R","TEX","1B"
"1552","martb002","Martin","Brett","L","L","TEX","P"
"1553","mathm002","Mathias","Mark","R","R","TEX","2B"
"1554","millb002","Miller","Brad","L","R","TEX","SS"
"1555","millt003","Miller","Tyson","R","R","TEX","P"
"1556","moorm003","Moore","Matt","L","L","TEX","P"
"1557","ottog001","Otto","Glenn","R","R","TEX","P"
"1558","patts002","Patton","Spencer","R","R","TEX","P"
"1559","perem004","Perez","Martin","L","L","TEX","P"
"1560","plawk001","Plawecki","Kevin","R","R","TEX","C"
"1561","ragac001","Ragans","Cole","L","L","TEX","P"
"1562","reksz001","Reks","Zach","L","R","TEX","OF"
"1563","richg002","Richards","Garrett","R","R","TEX","P"
"1564","rodry002","Rodriguez","Yerry","R","R","TEX","P"
"1565","santd003","Santana","Dennis","R","R","TEX","P"
"1566","sborj002","Sborz","Josh","R","R","TEX","P"
"1567","seagc001","Seager","Corey","L","R","TEX","SS"
"1568","semim001","Semien","Marcus","R","R","TEX","SS"
"1569","smitj007","Smith","Josh","L","R","TEX","2B"
"1570","snydn001","Snyder","Nicklaus","R","R","TEX","P"
"1571","solan001","Solak","Nick","R","R","TEX","2B"
"1572","tavel001","Taveras","Leody","B","R","TEX","OF"
"1573","thomb003","Thompson","Bubba","R","R","TEX","OF"
"1574","tinoj001","Tinoco","Jesus","R","R","TEX","P"
"1575","vilom001","Viloria","Meibrys","L","R","TEX","C"
"1576","walks001","Walker","Steele","L","L","TEX","OF"
"1577","white006","White","Eli","R","R","TEX","2B"
"1578","andes002","Anderson","Shaun","R","R","TOR","P"
"1579","banda001","Banda","Anthony","L","L","TOR","P"
"1580","bassa001","Bass","Anthony","R","R","TOR","P"
"1581","beasj001","Beasley","Jeremy","R","R","TOR","P"
"1582","berrj001","Berrios","Jose","R","R","TOR","P"
"1583","bichb001","Bichette","Bo","R","R","TOR","SS"
"1584","biggc002","Biggio","Cavan","L","R","TOR","2B"
"1585","borur001","Borucki","Ryan","L","L","TOR","P"
"1586","bradj001","Bradley","Jackie","L","R","TOR","OF"
"1587","caprv001","Capra","Vinny","R","R","TOR","3B"
"1588","castm003","Castillo","Max","R","R","TOR","P"
"1589","chapm001","Chapman","Matt","R","R","TOR","3B"
"1590","cimba001","Cimber","Adam","R","R","TOR","P"
"1591","collz001","Collins","Zack","L","R","TOR","C"
"1592","espis001","Espinal","Santiago","R","R","TOR","2B"
"1593","franb002","Francis","Bowden","R","R","TOR","P"
"1594","gagem001","Gage","Matt","L","L","TOR","P"
"1595","garcy001","Garcia","Yimi","R","R","TOR","P"
"1596","gausk001","Gausman","Kevin","L","R","TOR","P"
"1597","griff001","Griffin","Foster","R","L","TOR","P"
"1598","guerv002","Guerrero","Vladimir","R","R","TOR","3B"
"1599","gurrl001","Gurriel","Lourdes","R","R","TOR","2B"
"1600","hatct001","Hatch","Thomas","R","R","TOR","P"
"1601","heint001","Heineman","Tyler","B","R","TOR","C"
"1602","hernt002","Hernandez","Teoscar","R","R","TOR","OF"
"1603","jansd001","Jansen","Danny","R","R","TOR","C"
"1604","katog001","Katoh","Gosuke","L","R","TOR","2B"
"1605","kay-a001","Kay","Anthony","L","L","TOR","P"
"1606","kikuy001","Kikuchi","Yusei","L","L","TOR","P"
"1607","kirka001","Kirk","Alejandro","R","R","TOR","C"
"1608","lawrc001","Lawrence","Casey","R","R","TOR","P"
"1609","lopeo001","Lopez","Otto","R","R","TOR","2B"
"1610","manoa001","Manoah","Alek","R","R","TOR","P"
"1611","mayzt001","Mayza","Tim","L","L","TOR","P"
"1612","merrw001","Merrifield","Whit","R","R","TOR","OF"
"1613","merrj001","Merryweather","Julian","R","R","TOR","P"
"1614","moreg001","Moreno","Gabriel","R","R","TOR","C"
"1615","pheld001","Phelps","David","R","R","TOR","P"
"1616","pop-z001","Pop","Zach","R","R","TOR","P"
"1617","richt001","Richards","Trevor","R","R","TOR","P"
"1618","romaj004","Romano","Jordan","R","R","TOR","P"
"1619","romos001","Romo","Sergio","R","R","TOR","P"
"1620","ryu-h001","Ryu","Hyun Jin","R","L","TOR","P"
"1621","sauct001","Saucedo","Tayler","L","L","TOR","P"
"1622","sprig001","Springer","George","R","R","TOR","OF"
"1623","strir001","Stripling","Ross","R","R","TOR","P"
"1624","tapir001","Tapia","Raimel","L","L","TOR","OF"
"1625","thort002","Thornton","Trent","R","R","TOR","P"
"1626","vasqa002","Vasquez","Andrew","L","L","TOR","P"
"1627","whitm004","White","Mitch","R","R","TOR","P"
"1628","zimmb001","Zimmer","Bradley","L","R","TOR","OF"
"1629","abboc001","Abbott","Cory","R","R","WAS","P"
"1630","abrac001","Abrams","CJ","L","R","WAS","SS"
"1631","adamr004","Adams","Riley","R","R","WAS","C"
"1632","adonj001","Adon","Joan","R","R","WAS","P"
"1633","adrie001","Adrianza","Ehire","B","R","WAS","2B"
"1634","aranv001","Arano","Victor","R","R","WAS","P"
"1635","barrt004","Barrera","Tres","R","R","WAS","C"
"1636","bellj005","Bell","Josh","B","R","WAS","1B"
"1637","calla002","Call","Alex","R","R","WAS","OF"
"1638","cavac001","Cavalli","Cade","R","R","WAS","P"
"1639","cishs001","Cishek","Steve","R","R","WAS","P"
"1640","clays001","Clay","Sam","L","L","WAS","P"
"1641","clipt001","Clippard","Tyler","R","R","WAS","P"
"1642","corbp001","Corbin","Patrick","L","L","WAS","P"
"1643","cruzn002","Cruz","Nelson","R","R","WAS","OF"
"1644","dools001","Doolittle","Sean","L","L","WAS","P"
"1645","edwac001","Edwards","Carl","R","R","WAS","P"
"1646","escoa003","Escobar","Alcides","R","R","WAS","SS"
"1647","espip001","Espino","Paolo","R","R","WAS","P"
"1648","fedde001","Fedde","Erick","R","R","WAS","P"
"1649","finnk001","Finnegan","Kyle","R","R","WAS","P"
"1650","fox-l001","Fox","Lucius","B","R","WAS","SS"
"1651","franm004","Franco","Maikel","R","R","WAS","3B"
"1652","garcl006","Garcia","Luis","L","R","WAS","SS"
"1653","garrr001","Garrett","Reed","R","R","WAS","P"
"1654","grayj004","Gray","Josiah","R","R","WAS","P"
"1655","harvh001","Harvey","Hunter","R","R","WAS","P"
"1656","hernc005","Hernandez","Cesar","B","R","WAS","2B"
"1657","herny002","Hernandez","Yadiel","L","R","WAS","OF"
"1658","lee-e001","Lee","Evan","L","L","WAS","P"
"1659","macha003","Machado","Andres","R","R","WAS","P"
"1660","mcgej001","McGee","Jake","L","L","WAS","P"
"1661","menej001","Meneses","Joey","R","R","WAS","1B"
"1662","murpp001","Murphy","Patrick","R","R","WAS","P"
"1663","palaj001","Palacios","Josh","L","R","WAS","OF"
"1664","peref002","Perez","Francisco","B","L","WAS","P"
"1665","pinei001","Pineda","Israel","R","R","WAS","C"
"1666","raint003","Rainey","Tanner","R","R","WAS","P"
"1667","ramie004","Ramirez","Erasmo","R","R","WAS","P"
"1668","roblv001","Robles","Victor","R","R","WAS","OF"
"1669","rogej003","Rogers","Josh","L","L","WAS","P"
"1670","romet001","Romero","Tommy","R","R","WAS","P"
"1671","ruizk001","Ruiz","Keibert","B","R","WAS","C"
"1672","sanca006","Sanchez","Aaron","R","R","WAS","P"
"1673","sanca004","Sanchez","Anibal","R","R","WAS","P"
"1674","sotoj001","Soto","Juan","L","L","WAS","OF"
"1675","gordd002","Strange-Gordon","Dee","L","R","WAS","2B"
"1676","stras001","Strasburg","Stephen","R","R","WAS","P"
"1677","tetrj001","Tetreault","Jackson","R","R","WAS","P"
"1678","thoml002","Thomas","Lane","R","R","WAS","OF"
"1679","thomm005","Thompson","Mason","R","R","WAS","P"
"1680","vargi001","Vargas","Ildemaro","B","R","WAS","2B"
"1681","voitl001","Voit","Luke","R","R","WAS","1B"
"1682","votha001","Voth","Austin","R","R","WAS","P"
"1683","weemj001","Weems","Jordan","L","R","WAS","P"
